Date,TA_F_avg,VPD_F_avg,P_F_sum,SWC,PAR
2015-01-01,0,0,0,0,0
2015-01-02,0,0,0,0,0
2015-01-03,0,0,0,0,0
2015-01-04,0,0,0,0,0
2015-01-05,1.40000076,1.40000076,1.40000076,1.40000076,1.40000076
2015-01-06,3.59999856,3.59999856,3.59999856,3.59999856,3.59999856
2015-01-07,0,0,0,0,0
2015-01-08,0,0,0,0,0
2015-01-09,0,0,0,0,0
2015-01-10,0,0,0,0,0
2015-01-11,0,0,0,0,0
2015-01-12,0,0,0,0,0
2015-01-13,0,0,0,0,0
2015-01-14,0,0,0,0,0
2015-01-15,0,0,0,0,0
2015-01-16,1.00000008,1.00000008,1.00000008,1.00000008,1.00000008
2015-01-17,0,0,0,0,0
2015-01-18,0,0,0,0,0
2015-01-19,2.19999996,2.19999996,2.19999996,2.19999996,2.19999996
2015-01-20,0.20000016,0.20000016,0.20000016,0.20000016,0.20000016
2015-01-21,2.2000014,2.2000014,2.2000014,2.2000014,2.2000014
2015-01-22,0.30000024,0.30000024,0.30000024,0.30000024,0.30000024
2015-01-23,0,0,0,0,0
2015-01-24,0,0,0,0,0
2015-01-25,6.70000104,6.70000104,6.70000104,6.70000104,6.70000104
2015-01-26,2.8000008,2.8000008,2.8000008,2.8000008,2.8000008
2015-01-27,0,0,0,0,0
2015-01-28,0,0,0,0,0
2015-01-29,0,0,0,0,0
2015-01-30,0,0,0,0,0
2015-01-31,0,0,0,0,0
2015-02-01,0,0,0,0,0
2015-02-02,0,0,0,0,0
2015-02-03,0,0,0,0,0
2015-02-04,0,0,0,0,0
2015-02-05,0,0,0,0,0
2015-02-06,0,0,0,0,0
2015-02-07,0,0,0,0,0
2015-02-08,0,0,0,0,0
2015-02-09,0,0,0,0,0
2015-02-10,0,0,0,0,0
2015-02-11,0,0,0,0,0
2015-02-12,0,0,0,0,0
2015-02-13,0,0,0,0,0
2015-02-14,0,0,0,0,0
2015-02-15,0,0,0,0,0
2015-02-16,12.40000092,12.40000092,12.40000092,12.40000092,12.40000092
2015-02-17,0.20000016,0.20000016,0.20000016,0.20000016,0.20000016
2015-02-18,0,0,0,0,0
2015-02-19,0,0,0,0,0
2015-02-20,0,0,0,0,0
2015-02-21,8.5999986,8.5999986,8.5999986,8.5999986,8.5999986
2015-02-22,1.50000048,1.50000048,1.50000048,1.50000048,1.50000048
2015-02-23,0,0,0,0,0
2015-02-24,0,0,0,0,0
2015-02-25,0,0,0,0,0
2015-02-26,1.99999944,1.99999944,1.99999944,1.99999944,1.99999944
2015-02-27,0,0,0,0,0
2015-02-28,0,0,0,0,0
2015-03-01,0,0,0,0,0
2015-03-02,0,0,0,0,0
2015-03-03,4.49999856,4.49999856,4.49999856,4.49999856,4.49999856
2015-03-04,0,0,0,0,0
2015-03-05,0,0,0,0,0
2015-03-06,0,0,0,0,0
2015-03-07,0,0,0,0,0
2015-03-08,0,0,0,0,0
2015-03-09,0,0,0,0,0
2015-03-10,0,0,0,0,0
2015-03-11,0,0,0,0,0
2015-03-12,0,0,0,0,0
2015-03-13,2.49999876,2.49999876,2.49999876,2.49999876,2.49999876
2015-03-14,0,0,0,0,0
2015-03-15,0,0,0,0,0
2015-03-16,0,0,0,0,0
2015-03-17,0,0,0,0,0
2015-03-18,9.09999936,9.09999936,9.09999936,9.09999936,9.09999936
2015-03-19,0,0,0,0,0
2015-03-20,0,0,0,0,0
2015-03-21,0,0,0,0,0
2015-03-22,0,0,0,0,0
2015-03-23,0,0,0,0,0
2015-03-24,0,0,0,0,0
2015-03-25,0,0,0,0,0
2015-03-26,0,0,0,0,0
2015-03-27,0,0,0,0,0
2015-03-28,0,0,0,0,0
2015-03-29,0,0,0,0,0
2015-03-30,0,0,0,0,0
2015-03-31,2.50000344,2.50000344,2.50000344,2.50000344,2.50000344
2015-04-01,1.60000056,1.60000056,1.60000056,1.60000056,1.60000056
2015-04-02,17.8999974,17.8999974,17.8999974,17.8999974,17.8999974
2015-04-03,24.30000072,24.30000072,24.30000072,24.30000072,24.30000072
2015-04-04,0.50000004,0.50000004,0.50000004,0.50000004,0.50000004
2015-04-05,2.3000004,2.3000004,2.3000004,2.3000004,2.3000004
2015-04-06,0.10000008,0.10000008,0.10000008,0.10000008,0.10000008
2015-04-07,0,0,0,0,0
2015-04-08,0,0,0,0,0
2015-04-09,0,0,0,0,0
2015-04-10,0,0,0,0,0
2015-04-11,0,0,0,0,0
2015-04-12,0,0,0,0,0
2015-04-13,2.70000072,2.70000072,2.70000072,2.70000072,2.70000072
2015-04-14,10.80000072,10.80000072,10.80000072,10.80000072,10.80000072
2015-04-15,4.29999876,4.29999876,4.29999876,4.29999876,4.29999876
2015-04-16,7.0999974,7.0999974,7.0999974,7.0999974,7.0999974
2015-04-17,0,0,0,0,0
2015-04-18,0,0,0,0,0
2015-04-19,20.80000476,20.80000476,20.80000476,20.80000476,20.80000476
2015-04-20,9.20000124,9.20000124,9.20000124,9.20000124,9.20000124
2015-04-21,0,0,0,0,0
2015-04-22,0,0,0,0,0
2015-04-23,0,0,0,0,0
2015-04-24,0,0,0,0,0
2015-04-25,0,0,0,0,0
2015-04-26,0,0,0,0,0
2015-04-27,0,0,0,0,0
2015-04-28,0,0,0,0,0
2015-04-29,5.90000328,5.90000328,5.90000328,5.90000328,5.90000328
2015-04-30,0,0,0,0,0
2015-05-01,0,0,0,0,0
2015-05-02,0.29999988,0.29999988,0.29999988,0.29999988,0.29999988
2015-05-03,9.40000068,9.40000068,9.40000068,9.40000068,9.40000068
2015-05-04,0,0,0,0,0
2015-05-05,0,0,0,0,0
2015-05-06,0,0,0,0,0
2015-05-07,0,0,0,0,0
2015-05-08,0,0,0,0,0
2015-05-09,0,0,0,0,0
2015-05-10,0,0,0,0,0
2015-05-11,14.19999948,14.19999948,14.19999948,14.19999948,14.19999948
2015-05-12,16.00000056,16.00000056,16.00000056,16.00000056,16.00000056
2015-05-13,0,0,0,0,0
2015-05-14,0,0,0,0,0
2015-05-15,0,0,0,0,0
2015-05-16,0,0,0,0,0
2015-05-17,0,0,0,0,0
2015-05-18,0,0,0,0,0
2015-05-19,1.40000004,1.40000004,1.40000004,1.40000004,1.40000004
2015-05-20,0,0,0,0,0
2015-05-21,0,0,0,0,0
2015-05-22,0,0,0,0,0
2015-05-23,0,0,0,0,0
2015-05-24,0,0,0,0,0
2015-05-25,0,0,0,0,0
2015-05-26,0,0,0,0,0
2015-05-27,0,0,0,0,0
2015-05-28,0,0,0,0,0
2015-05-29,0,0,0,0,0
2015-05-30,0.60000048,0.60000048,0.60000048,0.60000048,0.60000048
2015-05-31,0,0,0,0,0
2015-06-01,0,0,0,0,0
2015-06-02,0,0,0,0,0
2015-06-03,0,0,0,0,0
2015-06-04,0,0,0,0,0
2015-06-05,1.40000076,1.40000076,1.40000076,1.40000076,1.40000076
2015-06-06,0,0,0,0,0
2015-06-07,0,0,0,0,0
2015-06-08,0,0,0,0,0
2015-06-09,0,0,0,0,0
2015-06-10,0,0,0,0,0
2015-06-11,0,0,0,0,0
2015-06-12,1.39999968,1.39999968,1.39999968,1.39999968,1.39999968
2015-06-13,1.10000016,1.10000016,1.10000016,1.10000016,1.10000016
2015-06-14,17.4000006,17.4000006,17.4000006,17.4000006,17.4000006
2015-06-15,0,0,0,0,0
2015-06-16,0.10000008,0.10000008,0.10000008,0.10000008,0.10000008
2015-06-17,0.29999988,0.29999988,0.29999988,0.29999988,0.29999988
2015-06-18,0,0,0,0,0
2015-06-19,0,0,0,0,0
2015-06-20,17.80000128,17.80000128,17.80000128,17.80000128,17.80000128
2015-06-21,0,0,0,0,0
2015-06-22,0,0,0,0,0
2015-06-23,0,0,0,0,0
2015-06-24,24.4000008,24.4000008,24.4000008,24.4000008,24.4000008
2015-06-25,1.70000028,1.70000028,1.70000028,1.70000028,1.70000028
2015-06-26,18.49999824,18.49999824,18.49999824,18.49999824,18.49999824
2015-06-27,0,0,0,0,0
2015-06-28,0,0,0,0,0
2015-06-29,0,0,0,0,0
2015-06-30,0,0,0,0,0
2015-07-01,0,0,0,0,0
2015-07-02,0,0,0,0,0
2015-07-03,0,0,0,0,0
2015-07-04,0,0,0,0,0
2015-07-05,1.4000004,1.4000004,1.4000004,1.4000004,1.4000004
2015-07-06,0,0,0,0,0
2015-07-07,0.20000016,0.20000016,0.20000016,0.20000016,0.20000016
2015-07-08,2.40000084,2.40000084,2.40000084,2.40000084,2.40000084
2015-07-09,0,0,0,0,0
2015-07-10,0,0,0,0,0
2015-07-11,0,0,0,0,0
2015-07-12,22.69999944,22.69999944,22.69999944,22.69999944,22.69999944
2015-07-13,15.99999876,15.99999876,15.99999876,15.99999876,15.99999876
2015-07-14,0,0,0,0,0
2015-07-15,0,0,0,0,0
2015-07-16,0,0,0,0,0
2015-07-17,0,0,0,0,0
2015-07-18,0,0,0,0,0
2015-07-19,7.09999956,7.09999956,7.09999956,7.09999956,7.09999956
2015-07-20,0,0,0,0,0
2015-07-21,0.5000004,0.5000004,0.5000004,0.5000004,0.5000004
2015-07-22,0,0,0,0,0
2015-07-23,17.2000008,17.2000008,17.2000008,17.2000008,17.2000008
2015-07-24,56.09999808,56.09999808,56.09999808,56.09999808,56.09999808
2015-07-25,69.69999672,69.69999672,69.69999672,69.69999672,69.69999672
2015-07-26,2.10000024,2.10000024,2.10000024,2.10000024,2.10000024
2015-07-27,0.10000008,0.10000008,0.10000008,0.10000008,0.10000008
2015-07-28,0,0,0,0,0
2015-07-29,26.99999964,26.99999964,26.99999964,26.99999964,26.99999964
2015-07-30,0,0,0,0,0
2015-07-31,0,0,0,0,0
2015-08-01,0,0,0,0,0
2015-08-02,21.80000016,21.80000016,21.80000016,21.80000016,21.80000016
2015-08-03,0,0,0,0,0
2015-08-04,0,0,0,0,0
2015-08-05,0,0,0,0,0
2015-08-06,0,0,0,0,0
2015-08-07,0,0,0,0,0
2015-08-08,16.9999992,16.9999992,16.9999992,16.9999992,16.9999992
2015-08-09,0,0,0,0,0
2015-08-10,0,0,0,0,0
2015-08-11,0,0,0,0,0
2015-08-12,0,0,0,0,0
2015-08-13,15.50000088,15.50000088,15.50000088,15.50000088,15.50000088
2015-08-14,0,0,0,0,0
2015-08-15,0,0,0,0,0
2015-08-16,16.40000268,16.40000268,16.40000268,16.40000268,16.40000268
2015-08-17,0,0,0,0,0
2015-08-18,0,0,0,0,0
2015-08-19,0,0,0,0,0
2015-08-20,2.8999998,2.8999998,2.8999998,2.8999998,2.8999998
2015-08-21,1.4000004,1.4000004,1.4000004,1.4000004,1.4000004
2015-08-22,0,0,0,0,0
2015-08-23,0,0,0,0,0
2015-08-24,0,0,0,0,0
2015-08-25,9.20000412,9.20000412,9.20000412,9.20000412,9.20000412
2015-08-26,0.10000008,0.10000008,0.10000008,0.10000008,0.10000008
2015-08-27,9,9,9,9,9
2015-08-28,27.50000256,27.50000256,27.50000256,27.50000256,27.50000256
2015-08-29,0.20000016,0.20000016,0.20000016,0.20000016,0.20000016
2015-08-30,0,0,0,0,0
2015-08-31,0,0,0,0,0
2015-09-01,0,0,0,0,0
2015-09-02,20.69999928,20.69999928,20.69999928,20.69999928,20.69999928
2015-09-03,1.80000108,1.80000108,1.80000108,1.80000108,1.80000108
2015-09-04,0,0,0,0,0
2015-09-05,1.10000088,1.10000088,1.10000088,1.10000088,1.10000088
2015-09-06,0,0,0,0,0
2015-09-07,0,0,0,0,0
2015-09-08,0,0,0,0,0
2015-09-09,0,0,0,0,0
2015-09-10,0,0,0,0,0
2015-09-11,3.89999988,3.89999988,3.89999988,3.89999988,3.89999988
2015-09-12,0,0,0,0,0
2015-09-13,0,0,0,0,0
2015-09-14,0,0,0,0,0
2015-09-15,0,0,0,0,0
2015-09-16,0,0,0,0,0
2015-09-17,0,0,0,0,0
2015-09-18,0,0,0,0,0
2015-09-19,0,0,0,0,0
2015-09-20,0,0,0,0,0
2015-09-21,0,0,0,0,0
2015-09-22,0,0,0,0,0
2015-09-23,0,0,0,0,0
2015-09-24,0,0,0,0,0
2015-09-25,0,0,0,0,0
2015-09-26,0,0,0,0,0
2015-09-27,0,0,0,0,0
2015-09-28,0,0,0,0,0
2015-09-29,0,0,0,0,0
2015-09-30,0,0,0,0,0
2015-10-01,27.60000048,27.60000048,27.60000048,27.60000048,27.60000048
2015-10-02,0,0,0,0,0
2015-10-03,0,0,0,0,0
2015-10-04,0,0,0,0,0
2015-10-05,0,0,0,0,0
2015-10-06,0,0,0,0,0
2015-10-07,0,0,0,0,0
2015-10-08,0,0,0,0,0
2015-10-09,0,0,0,0,0
2015-10-10,10.90000224,10.90000224,10.90000224,10.90000224,10.90000224
2015-10-11,1.00000044,1.00000044,1.00000044,1.00000044,1.00000044
2015-10-12,0,0,0,0,0
2015-10-13,0,0,0,0,0
2015-10-14,0,0,0,0,0
2015-10-15,0,0,0,0,0
2015-10-16,0,0,0,0,0
2015-10-17,0,0,0,0,0
2015-10-18,0,0,0,0,0
2015-10-19,0,0,0,0,0
2015-10-20,0,0,0,0,0
2015-10-21,0,0,0,0,0
2015-10-22,0,0,0,0,0
2015-10-23,0,0,0,0,0
2015-10-24,0,0,0,0,0
2015-10-25,0,0,0,0,0
2015-10-26,0,0,0,0,0
2015-10-27,0,0,0,0,0
2015-10-28,0,0,0,0,0
2015-10-29,0,0,0,0,0
2015-10-30,0,0,0,0,0
2015-10-31,0,0,0,0,0
2015-11-01,0,0,0,0,0
2015-11-02,0,0,0,0,0
2015-11-03,0,0,0,0,0
2015-11-04,0,0,0,0,0
2015-11-05,0,0,0,0,0
2015-11-06,4.1000004,4.1000004,4.1000004,4.1000004,4.1000004
2015-11-07,27.39999816,27.39999816,27.39999816,27.39999816,27.39999816
2015-11-08,20.600001,20.600001,20.600001,20.600001,20.600001
2015-11-09,5.10000084,5.10000084,5.10000084,5.10000084,5.10000084
2015-11-10,0,0,0,0,0
2015-11-11,0,0,0,0,0
2015-11-12,0,0,0,0,0
2015-11-13,21.9000024,21.9000024,21.9000024,21.9000024,21.9000024
2015-11-14,12.10000068,12.10000068,12.10000068,12.10000068,12.10000068
2015-11-15,0.7000002,0.7000002,0.7000002,0.7000002,0.7000002
2015-11-16,14.60000196,14.60000196,14.60000196,14.60000196,14.60000196
2015-11-17,2.69999856,2.69999856,2.69999856,2.69999856,2.69999856
2015-11-18,3.69999864,3.69999864,3.69999864,3.69999864,3.69999864
2015-11-19,0.7000002,0.7000002,0.7000002,0.7000002,0.7000002
2015-11-20,0.10000008,0.10000008,0.10000008,0.10000008,0.10000008
2015-11-21,0,0,0,0,0
2015-11-22,3.7000008,3.7000008,3.7000008,3.7000008,3.7000008
2015-11-23,13.19999688,13.19999688,13.19999688,13.19999688,13.19999688
2015-11-24,0.10000008,0.10000008,0.10000008,0.10000008,0.10000008
2015-11-25,12.69999756,12.69999756,12.69999756,12.69999756,12.69999756
2015-11-26,0,0,0,0,0
2015-11-27,0,0,0,0,0
2015-11-28,0,0,0,0,0
2015-11-29,3.90000168,3.90000168,3.90000168,3.90000168,3.90000168
2015-11-30,0.5000004,0.5000004,0.5000004,0.5000004,0.5000004
2015-12-01,0,0,0,0,0
2015-12-02,12.59999928,12.59999928,12.59999928,12.59999928,12.59999928
2015-12-03,0.29999988,0.29999988,0.29999988,0.29999988,0.29999988
2015-12-04,0.39999996,0.39999996,0.39999996,0.39999996,0.39999996
2015-12-05,6.30000108,6.30000108,6.30000108,6.30000108,6.30000108
2015-12-06,0,0,0,0,0
2015-12-07,0,0,0,0,0
2015-12-08,0,0,0,0,0
2015-12-09,0,0,0,0,0
2015-12-10,0.80000028,0.80000028,0.80000028,0.80000028,0.80000028
2015-12-11,0,0,0,0,0
2015-12-12,0,0,0,0,0
2015-12-13,0,0,0,0,0
2015-12-14,3.80000052,3.80000052,3.80000052,3.80000052,3.80000052
2015-12-15,0.10000008,0.10000008,0.10000008,0.10000008,0.10000008
2015-12-16,0,0,0,0,0
2015-12-17,0,0,0,0,0
2015-12-18,0,0,0,0,0
2015-12-19,0,0,0,0,0
2015-12-20,0,0,0,0,0
2015-12-21,5.20000056,5.20000056,5.20000056,5.20000056,5.20000056
2015-12-22,0,0,0,0,0
2015-12-23,0.39999996,0.39999996,0.39999996,0.39999996,0.39999996
2015-12-24,0.10000008,0.10000008,0.10000008,0.10000008,0.10000008
2015-12-25,0,0,0,0,0
2015-12-26,0.10000008,0.10000008,0.10000008,0.10000008,0.10000008
2015-12-27,0,0,0,0,0
2015-12-28,0,0,0,0,0
2015-12-29,0,0,0,0,0
2015-12-30,0,0,0,0,0
2015-12-31,1.899999,1.899999,1.899999,1.899999,1.899999
2016-01-01,-1.3243125,0.114449335,0.033333333,20.5,111.6684831
2016-01-02,3.992145833,0.22339483,0,20.53333333,93.97445498
2016-01-03,5.969083333,0.195872145,0,20.52569444,135.009788
2016-01-04,3.057666667,0.401643058,0,20.44305556,180.7132232
2016-01-05,-2.508520833,0.335052793,0,20.34027778,157.0961336
2016-01-06,-2.330666667,0.23448387,0,20.30833333,122.6833235
2016-01-07,-3.006895833,0.260569289,0,20.24236111,202.8855383
2016-01-08,-3.795041667,0.245244941,0,20.16597222,203.4830585
2016-01-09,-1.890291667,0.249449933,0,20.11111111,206.0020243
2016-01-10,0.5446875,0.379427943,0,20.10972222,173.0721025
2016-01-11,-3.195666667,0.339066549,0,20.06319444,209.1460094
2016-01-12,-5.227708333,0.235426494,0,19.96736111,207.4162244
2016-01-13,-4.7926875,0.159854581,0,19.86597222,178.503791
2016-01-14,-4.789604167,0.208189923,0.333333333,19.79513889,212.2472578
2016-01-15,-2.27725,0.123449783,1.9,19.80347222,147.2874246
2016-01-16,-1.8029375,0.137003182,0.233333333,19.81736111,121.1763288
2016-01-17,-0.0420625,0.169039889,0.033333333,19.83541667,98.22616204
2016-01-18,-5.148854167,0.176957577,0.033333333,19.84027778,191.8463931
2016-01-19,-12.635625,0.138695285,0,19.51458333,244.7700103
2016-01-20,-11.64872917,0.126903434,0,18.95902778,195.8774724
2016-01-21,-8.352208333,0.164606335,0,18.51111111,165.3016804
2016-01-22,-7.6619375,0.198742765,0,18.18194444,202.0642554
2016-01-23,-10.6349375,0.185159291,0,17.86319444,245.9135049
2016-01-24,-14.76645833,0.117132606,0,17.27430556,240.8175197
2016-01-25,-10.25708333,0.151017162,0,16.82430556,250.3169729
2016-01-26,-5.453,0.120113834,0.1,16.69722222,130.8817674
2016-01-27,-0.755729167,0.26712958,0,16.83680556,201.1733334
2016-01-28,-1.8363125,0.221384969,0,16.87847222,134.9873099
2016-01-29,1.982791667,0.413299482,0,17.00694444,101.9736422
2016-01-30,1.1755625,0.261545557,0,17.28958333,206.5857779
2016-01-31,-3.214479167,0.293599777,0,17.42638889,236.2224933
2016-02-01,-6.120895833,0.252397607,0,17.37152778,269.5047251
2016-02-02,-5.9268125,0.240264963,0,17.25902778,278.6763317
2016-02-03,-4.0290625,0.229170662,0,17.14236111,256.968446
2016-02-04,-0.869083333,0.267908696,0,17.04097222,245.8535493
2016-02-05,-2.541416667,0.329705805,0,17.00694444,237.6815332
2016-02-06,-3.073270833,0.29360084,0,17.06111111,290.5947539
2016-02-07,-4.210458333,0.251612583,0,16.94930556,299.8390963
2016-02-08,-0.449208333,0.237133291,0.166666667,16.89236111,127.5777505
2016-02-09,0.496854167,0.353491884,0.033333333,17.13680556,285.5278551
2016-02-10,1.350083333,0.370887383,0,17.28888889,307.2138566
2016-02-11,7.056541667,0.731946558,0,17.43472222,209.3011659
2016-02-12,8.037645833,0.142224486,21.36666667,20.19791667,20.31060191
2016-02-13,11.40666667,0.121835019,19.96666667,25.17777778,64.50226087
2016-02-14,-1.847020833,0.12955221,1.133333333,25.19722222,117.0126177
2016-02-15,-6.6719375,0.197276906,0.033333333,22.88125,341.2746544
2016-02-16,-3.575625,0.131233054,1,22.00694444,109.4900051
2016-02-17,-0.7713125,0.295203367,0.066666667,21.64375,322.4242353
2016-02-18,2.134729167,0.266949713,0,21.4375,192.8849931
2016-02-19,2.026604167,0.255893041,0,21.38194444,100.8835784
2016-02-20,0.950125,0.364746539,0,21.31041667,300.7460906
2016-02-21,-0.983583333,0.40119605,0,21.13472222,334.4670978
2016-02-22,0.241854167,0.434079495,0,20.975,159.1748188
2016-02-23,0.470979167,0.301651738,0.433333333,20.87777778,311.0803579
2016-02-24,-3.6154375,0.273266128,0,20.71111111,361.4985619
2016-02-25,-1.405708333,0.287434936,0,20.54791667,266.6462281
2016-02-26,1.628125,0.418425219,0.2,20.50347222,349.9493738
2016-02-27,1.42225,0.153911894,6.8,20.75069444,186.9388994
2016-02-28,0.087,0.150020576,0.3,21.25555556,88.23809934
2016-02-29,-3.761020833,0.245568823,0.366666667,21.03263889,252.9926256
2016-03-01,-3.629854167,0.273991333,0.8,20.80416667,380.7801192
2016-03-02,0.6935,0.211200315,0,20.66319444,218.0011637
2016-03-03,5.339958333,0.315731788,0,20.85833333,245.22016
2016-03-04,10.2389375,0.516819103,1.866666667,20.99027778,317.6474092
2016-03-05,10.85354167,0.126676499,50.56666667,25.58125,58.80790506
2016-03-06,8.338583333,0.468577398,0.033333333,25.17569444,345.756694
2016-03-07,6.758354167,0.534413853,0,23.51180556,113.2297276
2016-03-08,3.5795625,0.537897466,0,22.78402778,160.3574816
2016-03-09,0.2818125,0.411764972,0,22.375,402.0873632
2016-03-10,-1.3780625,0.380677438,0,22.09236111,429.3856823
2016-03-11,-1.292333333,0.354397792,0,21.89097222,430.4734644
2016-03-12,0.618208333,0.310492215,0,21.74166667,294.7848586
2016-03-13,2.473895833,0.293622887,0,21.60069444,143.8249633
2016-03-14,3.447833333,0.322554559,0,21.44027778,310.5337118
2016-03-15,4.6400625,0.538988488,0,21.24861111,409.8727848
2016-03-16,6.599666667,0.59141401,0,21.05347222,400.4589241
2016-03-17,8.053291667,0.732282291,0,20.75208333,317.4319797
2016-03-18,12.024125,0.771020734,0,20.39652778,276.8320704
2016-03-19,10.81954167,0.568175121,0,20.11527778,353.6363599
2016-03-20,8.028979167,0.464755099,0,19.81875,320.1273696
2016-03-21,8.705541667,0.554250054,0,19.55902778,413.6889716
2016-03-22,7.065666667,0.534165513,0,19.28125,421.3903086
2016-03-23,6.862104167,0.481250173,0,19.02986111,313.9227697
2016-03-24,5.445354167,0.546233149,0,18.78125,439.7815363
2016-03-25,4.786229167,0.461884801,0,18.55763889,326.8396515
2016-03-26,4.945916667,0.451125485,0,18.36527778,335.1873564
2016-03-27,5.584041667,0.499812837,0,18.1625,430.3036116
2016-03-28,8.058583333,0.678453236,0,17.92986111,454.0150433
2016-03-29,10.66597917,0.675059608,0,17.675,298.9792092
2016-03-30,10.70964583,0.663887944,0,17.34652778,456.2251501
2016-03-31,12.35402083,1.085043885,0,17.12348629,353.3564895
2016-04-01,14.86547917,1.294963811,0,16.9091125,471.0921074
2016-04-02,14.20275,1.136572613,0,16.54388307,451.3589987
2016-04-03,9.925758652,0.360203168,0.033333333,16.2183525,127.1837596
2016-04-04,11.33649879,0.684373453,0,16.14689457,502.7679819
2016-04-05,11.10674928,0.910932709,0,15.86106284,516.7393659
2016-04-06,12.65696968,0.941380739,3.297226115,15.74990606,389.6282297
2016-04-07,13.01059139,0.421171864,9.174461573,16.73611111,381.527283
2016-04-08,12.02830887,0.426077301,0,16.75625,454.717527
2016-04-09,11.69969072,0.27626287,0,16.34861111,231.4189362
2016-04-10,13.98566739,0.491682555,0,15.97083333,389.8808401
2016-04-11,11.46233257,0.754923748,0,15.52083333,522.9926501
2016-04-12,12.80453194,0.831462553,0,15.08194444,397.6769785
2016-04-13,13.37720367,0.433518096,2.061118897,14.77083333,205.8173017
2016-04-14,12.6864184,0.448656945,0,14.58333333,495.5870863
2016-04-15,13.61187217,0.898419725,0,14.25833333,534.265437
2016-04-16,13.65849615,0.717322594,24.0417017,14.73055556,242.8640264
2016-04-17,11.67159719,0.508216846,18.55614459,23.39722222,320.4303069
2016-04-18,11.15873337,0.583764174,4.59445223,21.35555556,471.8305288
2016-04-19,11.73256701,0.613040813,0,20.98263889,557.1331912
2016-04-20,12.7655041,0.635239772,0.3,20.23472222,256.1746424
2016-04-21,13.377648,0.219186566,15.82113758,22.51388889,190.3353379
2016-04-22,15.49161964,0.400734761,0.033333333,22.37222222,456.7166794
2016-04-23,13.07591763,0.738282166,0,21.46597222,232.518779
2016-04-24,13.73875,1.032268713,0,20.78958333,523.8444419
2016-04-25,16.44583333,1.214037268,0,20.20833333,536.905684
2016-04-26,19.404375,1.487776869,0,19.6375,516.5297193
2016-04-27,15.05083333,1.056382013,0,19.11458333,120.1277827
2016-04-28,15.05104167,1.081725065,0,18.67222222,446.1982168
2016-04-29,14.751875,0.858326646,0.733333333,18.16388889,520.508262
2016-04-30,14.95083333,0.859667039,0,17.69236111,363.8250806
2016-05-01,17.94583333,1.319013708,0,17.19236111,503.4731028
2016-05-02,19.2025,0.852061337,12.36666667,16.90347222,444.5223005
2016-05-03,13.01020833,0.144668492,34.36666667,23.20902778,40.84048008
2016-05-04,14.79104167,1.043770395,0.033333333,22.91388889,630.7231535
2016-05-05,17.01645833,1.109639718,1.5,21.63472222,572.9339008
2016-05-06,16.218125,0.383272641,2,20.99027778,84.8237728
2016-05-07,14.79104167,0.689553937,0,20.62361111,589.3336654
2016-05-08,17.183125,1.016248451,0,19.9125,576.6770926
2016-05-09,18.73833333,1.337828407,0,19.02222222,413.1931401
2016-05-10,13.71125,0.315296063,15.53333333,20.19305556,110.0829518
2016-05-11,15.615,0.748009681,0,20.81527778,617.2123228
2016-05-12,16.46395833,0.808359751,0,20.02638889,616.9451688
2016-05-13,16.31208333,0.706642256,0.033333333,19.41666667,543.4075588
2016-05-14,18.313125,1.123999904,0,18.83541667,615.6649524
2016-05-15,17.05791667,0.634560411,23.16666667,19.19097222,386.5355938
2016-05-16,14.50854167,0.753919152,4.3,22.62013889,617.6548878
2016-05-17,16.87541667,0.937932391,0,21.13611111,623.9345249
2016-05-18,20.175625,1.478489838,0,20.30833333,638.1760859
2016-05-19,21.75479167,1.644221065,0,19.02765667,638.8422547
2016-05-20,22.29645833,1.801726774,0,18.23622247,628.9709089
2016-05-21,21.72729167,1.930087552,0,17.47725737,627.1826337
2016-05-22,21.689375,1.705236359,0,16.799465,629.0772149
2016-05-23,21.27083333,1.545092494,0,16.15820037,506.5696489
2016-05-24,16.25791667,0.321911099,33.93333333,21.86058524,227.2129347
2016-05-25,17.216875,0.541330063,0,21.67388794,439.9550283
2016-05-26,18.488125,0.66059408,0,20.53341097,288.6685564
2016-05-27,19.175625,0.868094194,0,19.76632859,482.4305724
2016-05-28,20.02458333,1.037770768,0,19.08041895,558.0469045
2016-05-29,19.21270833,0.978084332,0,18.46756478,455.1936203
2016-05-30,19.96229167,0.977729562,0,17.97241107,605.7537269
2016-05-31,20.15125,0.865012132,0,17.41231918,566.5257955
2016-06-01,20.56708333,1.150027874,0,16.8319341,589.1468857
2016-06-02,21.13041667,1.521640563,0,16.21907993,585.4838911
2016-06-03,20.77375,1.341847645,0,15.64275348,610.7975327
2016-06-04,19.05625,0.944744061,0,15.06642704,243.6308945
2016-06-05,21.808125,1.232161715,0,14.66462199,601.4181946
2016-06-06,20.32479167,1.131238788,0,13.97465371,423.2031535
2016-06-07,20.33729167,0.761699069,0,13.58096593,319.2848047
2016-06-08,19.794375,0.703132013,0,13.17510224,485.2302645
2016-06-09,21.628125,0.997641041,0,12.60283443,586.6239334
2016-06-10,22.69895833,1.013041481,0,11.94513889,517.9889022
2016-06-11,22.49354167,0.777522332,0,11.54236111,300.7977086
2016-06-12,23.24125,0.698007673,0,11.23541667,325.6164654
2016-06-13,22.19354167,0.785609346,0,10.91319444,466.4387338
2016-06-14,21.79895833,0.825223708,0,10.56319444,499.3870875
2016-06-15,19.933125,0.40491257,9.2,10.83333333,229.5484965
2016-06-16,19.82479167,0.596822762,0,10.90833333,370.0247443
2016-06-17,21.49770833,0.887905765,0,10.56111111,562.8468504
2016-06-18,22.72083333,1.161445465,0,10.21319444,575.4584445
2016-06-19,22.41666667,0.976356653,0,9.886111111,504.4917034
2016-06-20,22.903125,0.943221203,0,9.6125,466.3002264
2016-06-21,23.96291667,1.167585127,0,9.338194444,438.3451429
2016-06-22,23.51291667,0.821060274,0.933333333,9.088888889,377.5755902
2016-06-23,23.22145833,0.770080594,0.4,8.906944444,376.4591781
2016-06-24,21.01770833,0.415207715,5.933333333,9.155555556,261.5186479
2016-06-25,21.21291667,0.990914506,0,9.034722222,589.7896851
2016-06-26,22.305,1.071921989,0,8.79375,617.344681
2016-06-27,22.34645833,1.087928363,0,8.593055556,383.0984847
2016-06-28,22.99791667,1.140196881,0,8.43125,568.9746856
2016-06-29,23.17166667,1.111543581,0,8.229861111,446.8442899
2016-06-30,23.62645833,0.67695457,0.066666667,8.107638889,355.0199528
2016-07-01,23.18125,0.305170568,78.2,13.31875,89.94950045
2016-07-02,22.536875,0.409233466,3.433333333,21.20902778,232.5842297
2016-07-03,21.78916667,0.577424264,0,19.42152778,250.5311465
2016-07-04,20.22666667,0.176977441,71.43333333,22.19166667,50.85856856
2016-07-05,23.193125,0.193750668,47.6,25.48888889,78.9470009
2016-07-06,21.8375,0.345835616,2.433333333,23.55763889,295.7318202
2016-07-07,22.14145833,0.504934521,0,21.39652778,325.7823912
2016-07-08,24.76145833,0.896724544,0,20.18194444,561.6611336
2016-07-09,25.89458333,1.089646308,0,19.21041667,588.5992065
2016-07-10,25.43458333,0.897005743,0,18.51666667,490.9628361
2016-07-11,26.39895833,1.036667342,10.36666667,18.07430556,492.2999157
2016-07-12,24.064375,0.513186588,6.9,20.00277778,339.9591328
2016-07-13,24.026875,0.735071022,0,19.30833333,392.8118779
2016-07-14,24.743125,0.755914035,0.233333333,18.56944444,374.2872022
2016-07-15,24.07083333,1.092208153,0.333333333,17.91875,340.9776896
2016-07-16,19.744375,0.102802384,62.13333333,23.08541667,40.70977004
2016-07-17,20.47270833,0.159532869,6.033333333,22.56458333,223.4399224
2016-07-18,21.85791667,0.398128448,0,21.10138889,318.4492948
2016-07-19,23.68208333,0.728293346,0,20.19444444,579.424662
2016-07-20,25.63083333,0.895097716,0,19.36805556,525.7488272
2016-07-21,24.840625,0.87977173,0,18.62013889,421.7266128
2016-07-22,26.779375,1.231585621,0,17.92569444,573.5049735
2016-07-23,26.98395833,1.07665246,0,17.17777778,334.0738664
2016-07-24,26.66270833,0.536737787,1.566666667,16.67777778,228.3120259
2016-07-25,26.75354167,0.477720299,0,16.41666667,241.1187923
2016-07-26,26.16291667,0.655717048,0,15.95208333,367.192036
2016-07-27,25.93041667,0.497608046,0.766666667,15.38888889,220.7271137
2016-07-28,26.73166667,0.858106652,0.033333333,14.92291667,478.5140528
2016-07-29,24.00416667,0.202146922,22.8,17.23888889,138.3951071
2016-07-30,27.01395833,0.519572006,10.8,19.77291667,363.1334774
2016-07-31,26.80895833,0.604917161,0.5,19.58680556,400.4047264
2016-08-01,24.94875,0.29835144,2.9,18.76388889,309.8340193
2016-08-02,24.9988365,0.413903395,0,18.4375,251.4600852
2016-08-03,26.6651284,0.89418312,0,17.79027778,479.6085577
2016-08-04,27.1600237,0.930522205,0,16.94861111,478.4909695
2016-08-05,27.59106154,1.08078745,0,16.10694444,568.1935485
2016-08-06,27.66130475,1.007304218,0,15.25833333,459.913588
2016-08-07,27.95504905,1.183722368,0,14.48819444,449.5221978
2016-08-08,27.36791956,1.019066247,0.252223779,13.71597222,486.6579666
2016-08-09,27.30270833,0.875079613,0,13.06111111,401.0803777
2016-08-10,27.63666667,1.051064996,0,12.53958333,442.3139185
2016-08-11,28.19354167,1.181435696,0,11.90972222,530.0792406
2016-08-12,28.16645833,1.114248904,0,11.2125,524.5699554
2016-08-13,28.000625,1.038480931,0,10.77222222,458.7378291
2016-08-14,26.78645833,0.536603815,1.2,10.40277778,297.5880865
2016-08-15,27.13416667,0.897316413,0,10.14722222,378.4485721
2016-08-16,27.24916667,1.029945487,0,9.777777778,469.4941448
2016-08-17,26.86625,0.876970264,0,9.422222222,361.753956
2016-08-18,27.110625,0.939057343,0,9.120833333,395.1194192
2016-08-19,27.54291667,0.917088892,0,8.826388889,366.8144661
2016-08-20,27.910625,1.288547165,0,8.563888889,446.1872039
2016-08-21,28.06229167,1.393103267,0,8.311111111,413.6122706
2016-08-22,27.238125,0.972302157,0.7,8.103472222,390.2393794
2016-08-23,27.203125,1.250388419,0,7.923611111,406.5889472
2016-08-24,26.80354167,1.282785996,0,7.733333333,353.8316738
2016-08-25,25.961875,1.02398562,0,7.563194444,375.3751403
2016-08-26,20.0825,0.482587119,20.46666667,11.86597222,235.7015251
2016-08-27,20.52125,1.161867561,0,11.86666667,532.5265803
2016-08-28,18.736875,0.605565811,3.9,11.09583333,156.5904058
2016-08-29,18.80708333,0.631096643,0,11.05347222,370.2713776
2016-08-30,18.655,0.672719402,0,10.34583333,252.7459116
2016-08-31,17.516875,0.337992661,21.53333333,12.94513889,77.66644312
2016-09-01,22.59604167,0.709651016,0,13.46319444,255.1657536
2016-09-02,21.31833333,0.547150401,1.066666667,12.35625,312.8053882
2016-09-03,22.18875,0.452910272,0.933333333,11.68819444,248.7404267
2016-09-04,23.62895833,0.588162683,0,11.17708333,339.2437352
2016-09-05,24.720625,0.711211063,0,10.66388889,329.0636679
2016-09-06,22.12229167,0.55276168,0,10.18819444,287.5590645
2016-09-07,22.14145833,0.56719745,0,9.836111111,241.9295554
2016-09-08,21.73854167,0.553521208,0.533333333,9.540277778,253.0243932
2016-09-09,21.79854167,0.567231003,0,9.279861111,294.4416979
2016-09-10,21.50166667,0.521514567,0,9.025694444,299.6268468
2016-09-11,22.25770833,0.761059564,0,8.783333333,306.5074169
2016-09-12,22.33354167,0.644797987,0,8.527777778,309.3816871
2016-09-13,22.105625,0.705044128,0,8.303472222,378.0806051
2016-09-14,22.29395833,0.682743685,0,8.084027778,320.3028401
2016-09-15,20.97875,0.76656343,0,7.906944444,391.2628354
2016-09-16,21.830625,0.641872788,0,7.744444444,300.0629027
2016-09-17,19.926875,0.396161691,28.5,13.20833333,138.5258512
2016-09-18,21.74395833,1.130788225,0,13.25347222,337.943735
2016-09-19,19.73020833,0.965641625,0,12.02638889,349.877871
2016-09-20,18.43104167,1.167417631,0,11.22013889,450.2210383
2016-09-21,16.77833333,0.773769186,0,10.62013889,348.9965107
2016-09-22,18.50770833,0.864063607,0,10.13888889,364.305656
2016-09-23,18.78145833,0.659285204,0,9.730555556,370.2528635
2016-09-24,19.41083333,0.65107274,0,9.388194444,363.0049429
2016-09-25,19.57041667,0.509214526,0,9.1,250.1066678
2016-09-26,20.41479167,0.490619016,0,8.870138889,181.0378809
2016-09-27,19.45791667,0.201978089,2.4,8.780555556,73.35530924
2016-09-28,18.86625,0.213182241,0,8.800694444,142.8119407
2016-09-29,18.19979167,0.593828899,0,8.618055556,172.0840647
2016-09-30,18.07583333,0.493553485,0,8.428472222,193.4472395
2016-10-01,18.13541667,0.310446977,0,8.290277778,173.1698628
2016-10-02,17.246875,0.176864125,7.533333333,8.544444444,64.1472355
2016-10-03,22.52645833,0.578357843,10.76666667,12.17916667,260.6471982
2016-10-04,19.60708333,0.693592914,0.033333333,11.52708333,398.8606824
2016-10-05,19.120625,0.540321303,6.333333333,12.27430556,248.5224336
2016-10-06,16.945625,0.57933581,0,11.83263889,379.522422
2016-10-07,17.79541667,0.51433055,4.533333333,11.08194444,240.5651922
2016-10-08,16.025,0.536643439,8.7,13.62569444,277.3660398
2016-10-09,10.12889583,0.626206555,0,12.56527778,404.4309378
2016-10-10,11.31620833,0.59935697,0,11.81527778,354.8982223
2016-10-11,12.7354375,0.425686426,0,11.32708333,263.2571531
2016-10-12,14.40958333,0.605284793,0,10.95069444,334.7786381
2016-10-13,12.8255,0.648098026,0,10.57291667,306.5446351
2016-10-14,13.80483333,0.487725036,0,10.23611111,301.1404853
2016-10-15,16.21291667,0.561974629,0,9.977083333,318.4442456
2016-10-16,15.32583333,0.301536648,1.8,9.765277778,91.34031718
2016-10-17,15.77041667,0.340445908,0.066666667,9.649305556,231.6430588
2016-10-18,14.65645833,0.233833516,0.066666667,9.501388889,158.5637276
2016-10-19,15.92333333,0.423941657,0,9.377777778,250.2813022
2016-10-20,15.44541667,0.460656118,0.033333333,9.242361111,283.0430946
2016-10-21,15.83,0.676972901,0,9.109027778,167.1101562
2016-10-22,16.17625,0.647725087,0,8.970138889,192.2847745
2016-10-23,12.36208333,0.403298976,4.466666667,9.079861111,41.04012659
2016-10-24,12.3375,0.501977718,0,9.268055556,330.6947998
2016-10-25,12.06291667,0.144597305,39.53333333,16.17847222,50.61152186
2016-10-26,10.890625,0.11979369,0.233333333,16.18541667,97.38063673
2016-10-27,12.42066667,0.317256427,0.066666667,15.27430556,221.195938
2016-10-28,13.63083333,0.468135884,1.466666667,14.69791667,102.8709742
2016-10-29,8.401729167,0.560065541,0,14.25416667,110.7496864
2016-10-30,6.261166667,0.647826681,0,13.82222222,330.86408
2016-10-31,5.347416667,0.404729254,0,13.49513889,57.69408929
2016-11-01,1.376625,0.406918141,0,13.24236111,321.002099
2016-11-02,2.338625,0.339089788,0.066666667,13.08194444,289.0223844
2016-11-03,7.154916667,0.320447135,0.6,12.975,204.8094468
2016-11-04,10.7813125,0.535624436,0,12.82777778,157.1308773
2016-11-05,13.51708333,0.393309217,0,12.6875,111.7431064
2016-11-06,13.0375,0.555092833,0,12.50763889,222.9837172
2016-11-07,12.46041667,0.518000063,2.433333333,12.32847222,148.8480513
2016-11-08,5.040083333,0.351894888,0.366666667,12.24722222,260.3136746
2016-11-09,1.66975,0.409513815,0,12.07986111,273.6310195
2016-11-10,4.5090625,0.403615516,3.2,12.0625,108.5163462
2016-11-11,8.3219375,0.387852834,4.233333333,13.23402778,242.3085852
2016-11-12,9.916166667,0.497787558,0,12.96388889,235.5430497
2016-11-13,12.27145833,0.280288098,2.533333333,12.92152778,114.2368534
2016-11-14,13.33979167,0.335813082,1,12.88263889,108.536938
2016-11-15,6.449354167,0.564067536,0,12.70763889,266.206893
2016-11-16,3.935145833,0.478412419,0,12.35625,199.1298667
2016-11-17,7.2425,0.510264375,0,12.20972222,214.8915766
2016-11-18,8.351625,0.431135284,1.4,12.09930556,155.8310755
2016-11-19,11.406875,0.293849793,0,12.0375,151.9379481
2016-11-20,11.03620833,0.670059383,0,11.93611111,231.9228882
2016-11-21,7.8575625,0.520417288,0,11.80555556,62.55021837
2016-11-22,3.468708333,0.435140955,0.40206171,11.72986111,156.9950853
2016-11-23,-1.154083333,0.387646706,0,11.65486111,198.0499018
2016-11-24,-2.769291667,0.345151117,0,11.61944444,234.6287129
2016-11-25,-0.805604167,0.3535782,0,11.61666667,181.7315829
2016-11-26,-1.0303125,0.260424234,0.30206171,11.62291667,50.01245126
2016-11-27,1.272979167,0.132502907,0.934364188,11.63333333,96.74317452
2016-11-28,1.671020833,0.323879622,0,11.63333333,201.6397058
2016-11-29,1.3384375,0.438003689,0,11.57291667,212.4423308
2016-11-30,4.912333333,0.375988887,0.969759232,11.56041667,119.7452246
2016-12-01,4.85525,0.417243728,0,11.5375,203.8041195
2016-12-02,0.614979167,0.638567686,0,11.46666667,213.2764307
2016-12-03,2.234645833,0.289709824,0,11.47152778,207.7478406
2016-12-04,2.870354167,0.259011242,0,11.47083333,93.55440911
2016-12-05,5.47575,0.257947696,0.6,11.46180556,112.115036
2016-12-06,-1.093333333,0.35942704,0,11.38819444,209.2148564
2016-12-07,-1.077541667,0.224737804,0.133333333,11.38055556,120.9987156
2016-12-08,-0.5488125,0.111504233,3.133333333,11.38194444,129.8306309
2016-12-09,2.249604167,0.243788966,1.033333333,11.96111111,154.996182
2016-12-10,-1.891666667,0.271997883,0,11.65486111,202.3244057
2016-12-11,-2.168770833,0.309704989,0,11.51944444,204.0229616
2016-12-12,0.25925,0.374594169,0,11.49722222,134.9130649
2016-12-13,2.666666667,0.344124528,0,11.52083333,130.0969119
2016-12-14,-1.188729167,0.117595479,0.4,11.47222222,53.76558324
2016-12-15,-3.935354167,0.252429533,0,11.46458333,199.4192607
2016-12-16,-5.20966415,0.244137258,0.033333333,11.40347222,206.2104602
2016-12-17,0.654416667,0.248562201,0,11.32569444,134.9100478
2016-12-18,3.136395833,0.212088495,0,11.35416667,78.49021479
2016-12-19,5.727229167,0.247687849,0.766666667,11.37638889,78.4518827
2016-12-20,6.587208333,0.258508095,0,11.37638889,177.5617964
2016-12-21,6.890458333,0.226326261,27.2,12.75694444,139.9617486
2016-12-22,6.389895833,0.052927708,21.6,21.68402778,33.54235025
2016-12-23,-1.736208333,0.130358879,0,19.84375,61.93706369
2016-12-24,-3.090604167,0.169069883,0.2,19.07083333,107.4063002
2016-12-25,-0.725770833,0.148366029,0.2,18.63958333,180.7047711
2016-12-26,1.359104167,0.109045539,0.366666667,18.43194444,37.09884318
2016-12-27,-1.367270833,0.232223105,0.266666667,18.21875,166.9031958
2016-12-28,-4.4494375,0.230289829,0,15.16041667,196.0372688
2016-12-29,-4.455479167,0.214424988,0.066666667,14.56388889,198.5465325
2016-12-30,-5.928458333,0.189547392,0,14.35416667,164.0542236
2016-12-31,-1.925333333,0.162804412,0,14.32986111,108.2087543
2017-01-01,0.790541667,0.112240925,0,14.30555556,118.3278301
2017-01-02,3.958541667,0.180411795,0.233333333,14.32222222,106.0385073
2017-01-03,2.094520833,0.294210906,0,14.26180556,193.5420523
2017-01-04,3.5765625,0.340172236,0,14.20833333,183.9807162
2017-01-05,3.275666667,0.352762781,0,14.15416667,107.4223116
2017-01-06,4.777770833,0.373785356,0,14.09722222,188.8341299
2017-01-07,3.074833333,0.21365874,0,14.04166667,171.5619532
2017-01-08,6.603145833,0.427387488,0,14.01597222,170.5211933
2017-01-09,2.463270833,0.310063134,0,13.95208333,121.4062817
2017-01-10,-2.784083333,0.27299616,0,13.84652778,174.3795203
2017-01-11,-4.787416667,0.269592789,0,13.73055556,191.9281563
2017-01-12,-1.567875,0.264901848,0.7,13.73125,179.409714
2017-01-13,-6.2925625,0.20335327,0.133333333,13.54236111,126.7181328
2017-01-14,-8.619104167,0.22087693,0,13.36736111,233.0189637
2017-01-15,-7.566604167,0.229305085,0,13.20694444,232.3390651
2017-01-16,-5.405541667,0.23607426,0,13.19097222,226.8574973
2017-01-17,-3.341041667,0.271660619,0,13.14375,180.9174427
2017-01-18,-1.170958333,0.184694886,0,13.17708333,133.5180706
2017-01-19,-2.609645833,0.141731268,0,13.49097222,171.0436367
2017-01-20,-4.268083333,0.147912562,0.3,13.86666667,130.022827
2017-01-21,-6.73,0.077455985,0.266666667,13.8375,159.8684443
2017-01-22,-7.427041667,0.182756677,0,13.8375,244.2370515
2017-01-23,-8.997729167,0.165646712,0,13.75069444,243.5981436
2017-01-24,-7.173958333,0.18878816,0.033333333,13.66388889,251.8959692
2017-01-25,-6.3804375,0.179264553,0.033333333,13.57361111,253.5929775
2017-01-26,-4.59825,0.180476231,0,13.51805556,215.6590517
2017-01-27,-1.836395833,0.265586253,3.933333333,14.13055556,264.3977666
2017-01-28,-3.095291667,0.270546825,0.033333333,13.8375,234.236108
2017-01-29,-0.130916667,0.203895706,0.066666667,13.81111111,28.75290689
2017-01-30,-4.524229167,0.130866234,0.2,13.8125,212.6131019
2017-01-31,-7.077375,0.155125128,2.966666667,13.68333333,250.5557774
2017-02-01,-4.420208333,0.244471231,0,13.60208333,280.0211293
2017-02-02,-4.033229167,0.23892801,0.033333333,13.48333333,292.6522267
2017-02-03,0.885604167,0.241078944,0.166666667,13.41875,197.1584256
2017-02-04,-0.5149375,0.157519563,0,13.47013889,106.506352
2017-02-05,0.939666667,0.197600846,0.4,13.56944444,77.49275136
2017-02-06,-1.61325,0.295765648,0,13.6375,293.1849475
2017-02-07,-2.609791667,0.239990822,0,13.64305556,190.0482202
2017-02-08,-2.273645833,0.254981644,0,13.59652778,160.2062337
2017-02-09,-5.1849375,0.230665347,0,13.49375,245.3253919
2017-02-10,-6.994125,0.217124872,0,13.26944444,319.5358768
2017-02-11,-5.591604167,0.222967051,0,13.06944444,316.9345724
2017-02-12,-2.846395833,0.259626733,0,12.93472222,319.9059044
2017-02-13,-1.567020833,0.190180362,0,12.89027778,202.8032025
2017-02-14,0.3805625,0.334842422,0,12.89722222,321.4516875
2017-02-15,0.110270833,0.316551314,0,12.91111111,280.4520677
2017-02-16,4.582291667,0.381161425,0.033333333,12.99097222,270.9721377
2017-02-17,2.979020833,0.324497195,3.3,13.64305556,339.1261528
2017-02-18,-3.083958333,0.281321464,0,13.73194444,351.7460997
2017-02-19,0.094854167,0.215306,3.233333333,13.75069444,174.267622
2017-02-20,-0.242729167,0.252268386,3.333333333,14.88819444,332.0358277
2017-02-21,-2.153854167,0.300522952,0,14.77986111,349.1830084
2017-02-22,0.870708333,0.175546378,7.733333333,14.98055556,36.87978561
2017-02-23,-1.363958333,0.245206452,0,15.84930556,358.2142229
2017-02-24,-1.669145833,0.292890407,0,15.5625,359.3770634
2017-02-25,1.447208333,0.296493508,0,15.40833333,353.8581357
2017-02-26,2.536479167,0.324925404,0,15.35416667,355.3300521
2017-02-27,2.798,0.440820263,0,15.31180556,364.1425845
2017-02-28,4,0.484391471,0,15.33263889,364.4312855
2017-03-01,3.927416667,0.347483145,2.533333333,15.45694444,166.4186536
2017-03-02,1.213604167,0.181440622,3.666666667,16.27083333,290.3467092
2017-03-03,1.7076875,0.333144249,0,16.31458333,360.2821743
2017-03-04,4.380333333,0.413880567,0,16.17986111,377.9984636
2017-03-05,4.233208333,0.339431415,2.733333333,16.02152778,305.1163482
2017-03-06,0.209791667,0.364684415,0.066666667,16.05833333,421.7557716
2017-03-07,-1.918729167,0.350761036,0,15.89652778,421.3740379
2017-03-08,-1.0661875,0.301503442,0,15.77569444,350.5536214
2017-03-09,2.372541667,0.395621561,0,15.71875,372.3693211
2017-03-10,3.9265625,0.546758263,0,15.66597222,422.8837111
2017-03-11,6.043,0.693134638,0,15.57638889,408.9313074
2017-03-12,7.471333333,0.612020503,0,15.46944444,261.4679652
2017-03-13,6.465520833,0.522823754,0,15.33194444,406.2653623
2017-03-14,4.9189375,0.513948718,0,15.19166667,428.1444528
2017-03-15,4.495145833,0.532194544,0,15.05347222,429.116445
2017-03-16,4.866375,0.544409844,0,14.93263889,416.1869446
2017-03-17,6.3461875,0.61345349,0,14.80972222,422.2597234
2017-03-18,8.329041667,0.832807477,0,14.6625,380.2532712
2017-03-19,9.0528125,0.793174731,0,14.47222222,431.3749048
2017-03-20,9.406291667,0.784854249,0,14.28472222,156.7923607
2017-03-21,6.874791667,0.536989697,0,14.08541667,393.6297823
2017-03-22,6.4651875,0.64378943,0,13.89652778,439.7887186
2017-03-23,7.786791667,0.707386118,0,13.68402778,359.4820033
2017-03-24,7.294020833,0.56593703,0,13.47083333,344.2457921
2017-03-25,6.107479167,0.378167633,0,13.27638889,216.5170466
2017-03-26,4.993875,0.351178352,0,13.11944444,304.688546
2017-03-27,4.636520833,0.251334242,2.466666667,12.96875,201.6346335
2017-03-28,4.721083333,0.320981479,0,12.92638889,277.9470157
2017-03-29,7.8411875,0.56817623,0,12.77569444,424.0870081
2017-03-30,9.816708333,0.694667266,0,12.55486111,425.9593877
2017-03-31,7.6719375,0.291394161,3.333333333,12.43263889,80.5274797
2017-04-01,6.382270833,0.24101772,1.833333333,12.49930556,261.2880532
2017-04-02,5.732375,0.302385052,0.133333333,12.42569444,396.9097962
2017-04-03,9.960395833,0.694350579,0,12.25555556,501.1548009
2017-04-04,12.808875,1.061043189,0,12,463.9648985
2017-04-05,11.38666667,0.614259943,23.4,12.85625,85.95045821
2017-04-06,11.03166667,0.216085441,4.6,17.30902778,301.7091601
2017-04-07,13.37635417,0.514869497,0,16.09305556,472.9441319
2017-04-08,13.6141875,0.566037915,0,15.39305556,449.4761843
2017-04-09,12.22916667,0.491110528,0.766666667,14.91527778,216.6320853
2017-04-10,13.865625,1.252043652,0,14.44236111,548.4996723
2017-04-11,13.06666667,0.908797704,0.766666667,13.96875,448.8744182
2017-04-12,10.985625,1.133557829,0,13.52083333,546.1890331
2017-04-13,11.0944375,0.691414702,0,13.13958333,459.4664549
2017-04-14,12.87166667,0.746147136,0.166666667,12.80277778,254.9467131
2017-04-15,15.13291667,0.693946029,0,12.53958333,514.7154529
2017-04-16,17.74229167,1.138655219,0,12.20277778,435.0989929
2017-04-17,13.858125,0.57793002,5.133333333,12.19444444,102.7163036
2017-04-18,10.12675,0.190251289,7.866666667,12.89930556,152.6977347
2017-04-19,11.59020833,0.831308104,0,13.41319444,574.7039794
2017-04-20,11.48104167,0.790979403,0,12.75069444,246.8718565
2017-04-21,12.0385625,0.729708044,0,12.40763889,484.7687277
2017-04-22,12.95860417,0.80320797,0,12.18263889,568.3441067
2017-04-23,13.51089583,0.986258931,0,11.86944444,581.1864274
2017-04-24,13.41491667,1.007487199,0,11.58125,558.2041585
2017-04-25,15.20770833,0.926074901,0,11.30833333,426.2320588
2017-04-26,14.32666667,1.146289391,0,11.00208333,590.0776464
2017-04-27,12.58375,0.992473675,0,10.68680556,558.5370445
2017-04-28,13.10204167,0.786408246,0,10.4625,511.6124995
2017-04-29,15.3176875,0.955083503,0,10.25138889,565.0952851
2017-04-30,18.78125,1.240630723,0,10.00972222,521.2716499
2017-05-01,18.09958333,0.990930112,0,9.782638889,571.9518281
2017-05-02,18.97708333,1.292999558,0,9.547916667,494.8634421
2017-05-03,19.58354167,1.386937777,0,9.333333333,562.461007
2017-05-04,19.26625,1.279754358,0,9.103472222,427.4409906
2017-05-05,19.49583333,1.094879825,0,8.897222222,476.6732992
2017-05-06,13.89458333,1.112459731,0,8.677083333,547.2896945
2017-05-07,14.57354167,0.99098329,0,8.494444444,611.2915827
2017-05-08,15.76583333,1.04302469,0,8.325,417.3063199
2017-05-09,14.66645833,0.57131083,4.666666667,8.347916667,220.6030305
2017-05-10,14.49354167,0.332489119,2.533333333,8.608333333,244.15663
2017-05-11,15.84,0.403397019,0.166666667,8.3875,337.7245017
2017-05-12,18.76875,0.614391603,0,8.257638889,233.4992978
2017-05-13,15.98854167,0.447931028,3.533333333,8.222222222,238.0528205
2017-05-14,14.36958333,0.805888606,0.033333333,8.136111111,648.7384807
2017-05-15,14.7025,0.768618308,0,7.950694444,537.1494487
2017-05-16,15.1475,0.662884271,0,7.83125,356.6781317
2017-05-17,17.27229167,1.008933109,0,7.720138889,606.7617497
2017-05-18,18.56604167,1.219671476,0,7.585416667,584.4036669
2017-05-19,19.466875,1.373307256,0,7.451388889,628.9521396
2017-05-20,19.21958333,1.43019497,0,7.314583333,567.7945242
2017-05-21,19.68416667,1.398655492,0,7.197222222,629.3765703
2017-05-22,19.81,1.184524209,0,7.091666667,572.9268177
2017-05-23,18.49916667,0.810856249,1.833333333,6.995833333,336.5997366
2017-05-24,19.465,0.772748817,11.46666667,10.94513889,536.813785
2017-05-25,17.968125,1.054889839,0.3,9.991666667,623.0286417
2017-05-26,15.540625,1.10379594,0.1,9.311111111,545.2923984
2017-05-27,17.21145833,0.993844352,0.033333333,8.844444444,607.5932703
2017-05-28,18.53375,1.055455585,0.033333333,8.442361111,549.2962365
2017-05-29,21.13229167,0.933125797,0,8.122222222,558.3179274
2017-05-30,21.86,1.353280454,0,7.838194444,517.235334
2017-05-31,21.26416667,1.560415333,0,7.560416667,463.9361139
2017-06-01,21.51333333,1.072566453,0,7.363888889,498.1822628
2017-06-02,18.76479167,1.335719765,0,7.1625,643.2044145
2017-06-03,18.69604167,1.27464512,0,6.986805556,539.2186289
2017-06-04,19.13083333,1.290635545,0,6.853472222,593.5673188
2017-06-05,20.875,1.641547708,0,6.738888889,641.1885687
2017-06-06,17.2525,0.83622492,4.8,6.775694444,173.3942686
2017-06-07,16.13541667,0.052700191,11.1,9.979861111,59.82051935
2017-06-08,18.54625,0.657751351,0.266666667,10.33402778,574.4866295
2017-06-09,19.62625,0.752590766,0.066666667,9.665972222,499.3286555
2017-06-10,19.98104167,1.181055949,1.033333333,9.18125,543.2047295
2017-06-11,20.29375,1.536486692,0.033333333,8.761111111,674.2306297
2017-06-12,20.031875,1.437610706,0,8.380555556,554.3899427
2017-06-13,19.206875,0.827393894,0.033333333,8.067361111,489.5172099
2017-06-14,19.47104167,0.802093155,0,7.814583333,534.2484942
2017-06-15,21.36541667,1.057066844,0.033333333,7.591666667,613.2840405
2017-06-16,23.05791667,1.213603639,0,7.391666667,580.1202176
2017-06-17,22.66145833,1.670065264,0,7.183333333,584.0431258
2017-06-18,23.12229167,1.77469593,0,7.014583333,620.5133095
2017-06-19,23.14083333,1.579935817,0,6.864583333,560.9185996
2017-06-20,24.08916667,1.823781887,0,6.7375,497.8786842
2017-06-21,23.59083333,1.561286827,0,6.628472222,548.5378512
2017-06-22,23.11666667,1.188049103,0,6.534722222,518.0401321
2017-06-23,24.95520833,1.729892762,0,6.440972222,602.8650339
2017-06-24,21.67666667,0.788978126,1.166666667,6.35625,190.8144181
2017-06-25,21.153125,0.338033181,4.033333333,6.854166667,320.538436
2017-06-26,21.88166667,0.582099865,9.966666667,9.122916667,335.906012
2017-06-27,22.74791667,0.708291487,3.3,11.76458333,472.3986974
2017-06-28,24.23083333,0.944865269,0.2,10.13541667,500.0796232
2017-06-29,24.46041667,1.214106676,0.033333333,9.397222222,477.5193842
2017-06-30,24.85666667,1.197518695,0.033333333,8.860416667,435.1725462
2017-07-01,22.63458333,0.480055528,4.566666667,8.572916667,201.7979287
2017-07-02,24.28270833,0.112005031,40.8,14.03125,153.7055037
2017-07-03,24.128125,0.140280134,16.2,17.01527778,121.1933858
2017-07-04,25.19166667,0.632834706,60.73333333,21.74791667,480.6265054
2017-07-05,25.47645833,0.830700575,0,18.90694444,487.5316778
2017-07-06,25.6375,0.710206417,0,18.00763889,517.8393237
2017-07-07,24.51395833,0.153430362,35.4,19.30972222,134.9400025
2017-07-08,24.71916667,0.08998931,19.23333333,21.76180556,133.5111204
2017-07-09,24.58208333,0.065509521,19.63333333,20.71319444,228.3731761
2017-07-10,23.72875,0.0003057,104.2333333,29.82847222,44.30106344
2017-07-11,24.933125,0.437309104,8.9,31.29236111,425.6017065
2017-07-12,26.15,0.621530318,0,22.19583333,448.8013096
2017-07-13,25.42229167,0.643676976,0,19.95833333,430.2462777
2017-07-14,25.68645833,0.570919822,10.08486667,20.07361111,416.8943889
2017-07-15,23.38770833,0.086154523,37.7818,23.44375,95.08748683
2017-07-16,23.58104167,0.197356472,49.60056667,32.07013889,194.7089911
2017-07-17,24.971875,0.31618535,2.533333333,23.65763889,261.1935366
2017-07-18,24.50833333,0.322203632,2.1079,20.98472222,246.4238182
2017-07-19,26.41291667,0.720849976,0,20.04722222,458.9285783
2017-07-20,27.25729167,0.817533126,0,19.46388889,403.6307327
2017-07-21,27.51747655,0.822514373,0.2858,18.75902778,285.1968616
2017-07-22,27.496875,0.58882795,0.715433333,18.26805556,207.6894026
2017-07-23,26.009375,0.264728756,41.39026667,21.96180556,48.86232253
2017-07-24,25.17729167,0.185302886,29.36303333,24.39791667,82.75755027
2017-07-25,27.15479167,0.733516918,1.392433333,22.36944444,491.8429847
2017-07-26,25.61104167,1.037151274,0,21.07916667,578.6648058
2017-07-27,24.55729167,1.194324161,0,20.04097222,324.7009964
2017-07-28,23.28208333,0.010831846,20.86666667,22.02777778,59.15161114
2017-07-29,24.70479167,0.319093863,0.033333333,21.66458333,236.1330416
2017-07-30,25.44958333,0.72204186,0,20.56736111,358.5654513
2017-07-31,23.236875,0.038223555,25.16666667,22.43263889,94.31848405
2017-08-01,25.385625,0.363175628,2.066666667,21.94444444,378.2933022
2017-08-02,27.47375,0.558941513,0,20.79166667,400.9359393
2017-08-03,26.86729167,0.891768488,0,19.94236111,537.537075
2017-08-04,27.29125,1.074745812,0,19.16388889,534.8628564
2017-08-05,28.64145833,0.974375114,0,18.44166667,542.175079
2017-08-06,27.95708333,0.599207932,1.466666667,17.90902778,287.4538736
2017-08-07,27.5625,0.936789677,0,17.47222222,473.860712
2017-08-08,25.34375,0.661757208,0,16.85763889,365.195593
2017-08-09,23.84625,0.400475404,2.066666667,16.40833333,171.5606561
2017-08-10,23.12791667,0.000530674,15.36666667,19.10625,88.59101008
2017-08-11,24.99770833,0.472844207,0.233333333,19.225,326.1021796
2017-08-12,25.01604167,0.780143111,0,18.51736111,494.5555142
2017-08-13,23.87666667,0.740600895,0,17.85763889,253.2937523
2017-08-14,22.28979167,0.397057505,5.533333333,17.49375,166.7903931
2017-08-15,21.34333333,0.058817822,50,22.04930556,46.16383742
2017-08-16,21.9025,0.115160348,5.633333333,23.47222222,155.9032257
2017-08-17,22.8,0.218542808,20.33333333,23.75069444,263.6731358
2017-08-18,24.08416667,0.370725548,0,21.47708333,341.326366
2017-08-19,23.66520833,0.267848979,1.266666667,20.60972222,229.9808975
2017-08-20,22.56104167,0.021022998,56.3,24.54305556,67.60105597
2017-08-21,23.52333333,0.042754875,40.86666667,25.88055556,142.4510042
2017-08-22,25.705625,0.523508296,0.3,24.32847222,417.6683689
2017-08-23,25.215,0.076316468,18.36666667,23.31319444,158.4999271
2017-08-24,25.705,0.10443909,43.93333333,25.24652778,81.63730613
2017-08-25,24.34833333,0.994876734,0,23.11319444,497.8886188
2017-08-26,22.415,1.179909698,0,21.39027778,567.1869618
2017-08-27,19.57604167,0.471431055,0,20.59930556,202.3954449
2017-08-28,20.05083333,0.265207195,17.41344055,21.43472222,179.5849957
2017-08-29,18.70520833,0.784710124,0.033333333,22.75972222,461.8479251
2017-08-30,16.83854167,0.71804607,0,21.33819444,202.9417366
2017-08-31,19.24791667,0.604282938,0,20.63263889,513.9518269
2017-09-01,20.30895833,0.90671581,0,19.9625,545.4926272
2017-09-02,20.49020833,0.799770865,0,19.34583333,500.1442796
2017-09-03,20.72166667,0.757557465,0,18.80625,474.189389
2017-09-04,21.12166667,0.921423952,0,18.29027778,442.9319129
2017-09-05,19.435,0.582589035,0,17.85277778,126.2643676
2017-09-06,18.41708333,0.155393639,1.266666667,17.61319444,112.9999957
2017-09-07,19.89083333,0.391336082,0.033333333,17.50138889,296.3776072
2017-09-08,21.95270833,0.679038323,0,17.15694444,427.6844904
2017-09-09,21.075,0.494232813,0,16.74236111,394.2264707
2017-09-10,20.03104167,0.215203848,0,16.45416667,170.2906734
2017-09-11,19.14541667,0.172685473,14.83333333,18.17916667,164.4879652
2017-09-12,19.57479167,0.623555834,0,18.40416667,352.2253754
2017-09-13,19.400625,1.024734617,0,17.81805556,496.7784537
2017-09-14,18.465,0.654097167,0,17.275,472.036361
2017-09-15,20.37145833,1.074506653,0,16.76527778,463.5820326
2017-09-16,19.25833333,0.999849787,0,16.24236111,325.772583
2017-09-17,20.275625,0.892294329,0,15.75833333,449.3108695
2017-09-18,19.226875,0.627034492,0,15.29305556,356.3732551
2017-09-19,18.94333333,0.252456464,12.1,15.89097222,157.8019708
2017-09-20,18.48708333,1.037396508,0.033333333,17.85277778,477.4144402
2017-09-21,16.50833333,0.558331418,0,16.79027778,454.7946992
2017-09-22,17.86729167,0.608191316,0,16.18125,386.4405715
2017-09-23,18.70645833,0.333466336,0,15.70833333,249.5939081
2017-09-24,19.92520833,0.252314346,0,15.40208333,193.9766086
2017-09-25,20.81854167,0.518997535,0,15.09652778,351.374686
2017-09-26,20.976875,0.638356013,0.2,14.70416667,358.4765981
2017-09-27,19.30375,0.320844042,2.1,14.41944444,200.1745208
2017-09-28,18.22604167,0.909604224,0.033333333,14.175,424.2114457
2017-09-29,14.71229167,0.962179352,0,13.76180556,385.6133748
2017-09-30,16.06708333,0.582037815,0,13.45694444,314.8952764
2017-10-01,15.81,0.26068453,10.16666667,13.48263889,115.4717182
2017-10-02,18.66395833,0.410614722,5.466666667,16.87013889,364.1975431
2017-10-03,16.63854167,0.541693283,0,15.96180556,223.7528815
2017-10-04,15.22604167,0.598263745,0,15.32847222,371.37229
2017-10-05,16,0.634881029,0,14.81527778,269.96632
2017-10-06,15.69854167,0.426031282,1.633333333,14.43611111,136.9403657
2017-10-07,18.34666667,0.355472017,0.033333333,14.21180556,360.5442689
2017-10-08,20.24520833,0.556610515,0,13.89027778,344.3749532
2017-10-09,20.31625,0.646500351,0,13.54722222,323.734751
2017-10-10,19.1775,0.345613602,0,13.29305556,121.54039
2017-10-11,15.68375,0.230637463,11.16666667,14.86875,84.92685776
2017-10-12,10.69289583,0.198669485,0.533333333,15.07777778,100.2922711
2017-10-13,9.4373125,0.298548384,0.033333333,14.77222222,297.1579957
2017-10-14,11.6210625,0.580052052,0,14.44444444,352.7480739
2017-10-15,12.58689583,0.599662779,0,14.09513889,317.0452462
2017-10-16,14.00854167,0.527441095,0,13.82222222,236.4225066
2017-10-17,13.60770833,0.589828943,0,13.56736111,348.0160226
2017-10-18,14.21791667,0.524983127,0,13.37777778,117.7269596
2017-10-19,14.42541667,0.512656311,0,13.17638889,302.103983
2017-10-20,14.04395833,0.486369555,0,12.96388889,338.7478317
2017-10-21,13.94604167,0.519726505,0,12.7625,336.6886129
2017-10-22,13.77370833,0.695279679,0,12.50069444,309.7682974
2017-10-23,11.61625,0.657215558,0,12.27986111,326.2897842
2017-10-24,11.19679167,0.46205459,0,12.07708333,216.273717
2017-10-25,11.4915625,0.405381544,0,11.93472222,307.871494
2017-10-26,11.8735625,0.501831735,0,11.79444444,243.9094855
2017-10-27,14.410625,0.732380074,0,11.65486111,293.6875105
2017-10-28,14.55791667,0.618061416,0,11.5,299.8139781
2017-10-29,10.72902083,0.553674442,0,11.35208333,267.2681311
2017-10-30,6.147104167,0.675660521,0,11.20208333,316.6579941
2017-10-31,6.943166667,0.423821056,0,11.0875,303.0800227
2017-11-01,11.88252083,0.357572493,0,11.04652778,124.6558217
2017-11-02,13.71604167,0.31594005,0,10.96111111,105.9925394
2017-11-03,11.39497917,0.353250064,2.833333333,11.23333333,131.2212829
2017-11-04,6.5555,0.438519366,0,11.07708333,251.8533543
2017-11-05,6.03,0.36510119,0,10.9125,277.3519303
2017-11-06,8.330020833,0.289435483,0,10.80486111,259.086651
2017-11-07,11.4920625,0.413979413,0,10.75069444,225.1576743
2017-11-08,13.06445139,0.668557285,0,10.64375,242.4017257
2017-11-09,7.946152691,0.561203215,0,10.51666667,275.9249061
2017-11-10,8.111460327,0.434603821,8.651327182,11.13819444,79.18692741
2017-11-11,7.104019451,0.580056706,0,11.75486111,282.9313624
2017-11-12,4.133487306,0.315541492,0,11.54166667,249.6902137
2017-11-13,5.961740936,0.320311604,1.341029744,11.41736111,123.4800852
2017-11-14,8.156305311,0.593027623,0.478211282,11.34652778,267.0162411
2017-11-15,4.968411798,0.48040552,0.1,11.20625,252.2680723
2017-11-16,2.958652844,0.502948572,0,11.12569444,269.0285155
2017-11-17,0.977492645,0.382347525,0.066666667,11.09444444,50.91462305
2017-11-18,1.280355445,0.408340936,0,11.07291667,276.6900329
2017-11-19,-0.091230108,0.399538928,0,11.05069444,270.1605544
2017-11-20,1.534481702,0.301032122,0,11.05625,182.4491749
2017-11-21,-0.533340172,0.180632512,0,11.04236111,257.1768436
2017-11-22,1.202558498,0.251633833,0.470514872,11.04930556,80.06187803
2017-11-23,1.165935834,0.353249673,0,11.0375,194.478839
2017-11-24,0.620258138,0.161941372,2.148726154,11.03333333,178.7135708
2017-11-25,1.678653131,0.145562891,17.81419898,12.25277778,105.0546804
2017-11-26,4.945394768,0.167376268,0.837181539,15.90208333,182.4364242
2017-11-27,-0.24955277,0.174038596,0,15.12083333,242.792235
2017-11-28,2.519808803,0.208270571,0,14.80763889,162.8407133
2017-11-29,4.077574688,0.41745969,0.1,14.56875,240.8810456
2017-11-30,-0.966619605,0.444197344,0,14.35555556,238.1803948
2017-12-01,-2.954827302,0.281156882,0,14.21111111,238.0828199
2017-12-02,-0.43875,0.191812558,0,14.13055556,194.9187734
2017-12-03,1.314729167,0.101837298,2.533333333,14.21458333,73.2048324
2017-12-04,-0.89125,0.237782346,1.4,14.32361111,198.6288909
2017-12-05,-5.612791667,0.256901947,0,14.17569444,203.5828172
2017-12-06,-2.498854167,0.140316656,0,14.13125,158.202427
2017-12-07,0.315145833,0.186924188,3.066666667,14.48194444,152.0913756
2017-12-08,-4.5110625,0.265603863,0,14.42222222,201.0004408
2017-12-09,-2.7051875,0.231530349,0,14.29444444,171.6937346
2017-12-10,0.314291667,0.171501771,5.9,14.76597222,79.02085369
2017-12-11,-6.6191875,0.250780558,0,15.10902778,202.197386
2017-12-12,-10.36508333,0.162488389,0,14.48611111,202.3736105
2017-12-13,-9.562395833,0.166193172,0,14.06944444,203.498316
2017-12-14,-8.642854167,0.159043876,0,13.69444444,156.860923
2017-12-15,-5.001083333,0.199739096,0,13.50347222,123.420244
2017-12-16,-5.524770833,0.233050288,0,13.45069444,174.6713745
2017-12-17,-7.797395833,0.209709638,0,13.18263889,195.9209617
2017-12-18,-3.701166667,0.111666749,1.466666667,13.07152778,83.3962855
2017-12-19,-4.3013125,0.243416626,0,13.09791667,194.7298496
2017-12-20,-6.2980625,0.111492322,0,12.97083333,135.1588889
2017-12-21,-1.8776875,0.139827811,0.3,13.01805556,197.3130593
2017-12-22,-0.296583333,0.186835295,0,13.11041667,117.6789808
2017-12-23,3.9073125,0.18222587,0,13.38472222,88.14132969
2017-12-24,1.960791667,0.077772847,12.83333333,16.76875,33.83797694
2017-12-25,-2.924625,0.280172954,0,17.78472222,198.6958729
2017-12-26,-3.766770833,0.26642306,0,16.95,193.6390531
2017-12-27,-7.646833333,0.248263163,0,16.12847222,199.1567111
2017-12-28,-4.285458333,0.229658893,0,15.57708333,140.7478554
2017-12-29,0.746916667,0.190830962,0,15.45833333,112.127119
2017-12-30,0.019458333,0.084496098,0.266666667,15.40833333,97.82296086
2017-12-31,-0.3445,0.259769496,1.433333333,15.47013889,195.3248316
2018-01-01,-2.069520833,0.311419345,0.033333333,15.43333333,190.5936362
2018-01-02,-2.701104167,0.253657982,0,15.24444444,161.877883
2018-01-03,-4.913083333,0.266433134,0,15.14305556,201.9016218
2018-01-04,-5.774020833,0.21748838,0,14.94861111,175.8371118
2018-01-05,-4.339479167,0.201493387,0,14.79305556,182.8040878
2018-01-06,-3.278729167,0.260928547,0,14.63958333,200.9407404
2018-01-07,-3.079645833,0.237571654,0,14.53055556,139.436529
2018-01-08,-0.061,0.254440925,0,14.56805556,91.86922579
2018-01-09,-4.454208333,0.187454359,0.033333333,14.54583333,157.8428355
2018-01-10,-7.793416667,0.15667686,0,14.47569444,189.4605778
2018-01-11,-11.45833333,0.13505655,0,14.26319444,218.6930007
2018-01-12,-12.15283333,0.137143845,0,13.96597222,221.9349985
2018-01-13,-7.3291875,0.071671685,0,13.82361111,81.83609949
2018-01-14,-2.245083333,0.132275899,0.466666667,13.81180556,177.2829974
2018-01-15,4.207604167,0.3254901,0.433333333,13.94652778,188.6034231
2018-01-16,1.636895833,0.248951479,0,14.11944444,89.12625938
2018-01-17,2.990583333,0.136545012,1.333333333,14.34166667,112.1216628
2018-01-18,1.799333333,0.279450703,0,14.55625,141.9801368
2018-01-19,0.213,0.380433054,0,14.69791667,215.434932
2018-01-20,0.241979167,0.230351283,0,14.77152778,138.7717093
2018-01-21,-0.336145833,0.355693098,0,14.84305556,204.8309116
2018-01-22,-0.769979167,0.22703948,0.166666667,14.875,100.2035978
2018-01-23,-11.05939583,0.157075456,0,14.725,258.621822
2018-01-24,-14.91666667,0.140339833,0,14.20416667,264.6966643
2018-01-25,-14.88166667,0.129518437,0,13.70694444,250.94477
2018-01-26,-15.489375,0.123444448,0,13.28958333,265.6484587
2018-01-27,-12.12091667,0.14672511,0,12.90902778,256.7840657
2018-01-28,-6.496145833,0.259199804,0,12.69305556,237.9890218
2018-01-29,-9.013125,0.208998244,0,12.46736111,266.1936224
2018-01-30,-7.2125625,0.156674762,0,12.2375,222.6157133
2018-01-31,-2.1263125,0.277912386,0.2,12.22291667,157.3221608
2018-02-01,-4.675020833,0.26553089,0,12.21805556,279.1741925
2018-02-02,-3.8279375,0.269510579,0,12.15763889,268.3423025
2018-02-03,-6.954875,0.194004977,0,12.125,290.1158012
2018-02-04,-10.2518125,0.17702785,0,11.94166667,285.5705124
2018-02-05,-10.03739583,0.194271188,0,11.67013889,303.5431426
2018-02-06,-10.9049375,0.18055421,0,11.37013889,304.414146
2018-02-07,-9.927925167,0.175915555,0,11.0625,296.2979416
2018-02-08,-6.324550021,0.225244517,0,10.86319444,280.8571736
2018-02-09,-1.5335,0.323304844,0,10.84375,139.3402651
2018-02-10,-0.668125,0.312612732,0,10.97083333,239.4230043
2018-02-11,-6.90875,0.210546525,0,11,237.682545
2018-02-12,-7.184895833,0.210065854,0.033333333,10.94652778,244.1383273
2018-02-13,-3.403,0.161184509,1.066666667,10.94583333,214.0490274
2018-02-14,2.267229167,0.346950202,0,11.07777778,119.6002717
2018-02-15,-0.7664375,0.437641835,0,11.23541667,325.9011461
2018-02-16,-2.065354167,0.305816605,0,11.34791667,298.5635822
2018-02-17,-3.753666667,0.346903519,0,11.41666667,345.7956582
2018-02-18,-1.61025,0.387604442,0,11.43263889,233.1678108
2018-02-19,0.7483125,0.393068164,0,11.54305556,241.9802625
2018-02-20,0.570458333,0.370604175,0,11.64583333,288.0121791
2018-02-21,-1.444895833,0.430762818,0,11.75625,316.4200653
2018-02-22,-1.346479167,0.249700503,0,11.81319444,207.5722141
2018-02-23,2.718583333,0.132082096,2.166666667,11.99652778,183.683308
2018-02-24,3.136458333,0.412597935,0,12.22152778,269.3182047
2018-02-25,1.0135625,0.434283432,0,12.37430556,315.6819558
2018-02-26,1.4208125,0.415009106,0,12.51666667,362.7384423
2018-02-27,2.143395833,0.383297554,0,12.68611111,76.94025225
2018-02-28,4.039520833,0.202235911,28.5,15.01180556,37.29334637
2018-03-01,-0.160083333,0.208882506,2.266666667,20.18888889,358.4007077
2018-03-02,-2.1444375,0.318642025,0,18.74930556,391.6744477
2018-03-03,5.919375,0.602091175,0,18.30902778,376.3066535
2018-03-04,9.498208333,0.114913288,9.630828717,18.64722222,124.8923049
2018-03-05,4.070583333,0.231203339,11.28981342,22.23472222,263.3536976
2018-03-06,2.787541667,0.333706394,0,21.00416667,399.4436198
2018-03-07,4.312083333,0.368059058,1.312825685,20.51597222,249.6870386
2018-03-08,2.7728125,0.119509215,6.346192641,21.05138889,229.1771695
2018-03-09,3.054770833,0.212810201,0,20.74722222,205.7955286
2018-03-10,2.800458333,0.224962302,0.033333333,20.30208333,354.1457864
2018-03-11,5.700875,0.437313066,0,20.04027778,381.8290534
2018-03-12,6.605270833,0.53482922,0,19.77916667,339.8492273
2018-03-13,10.7090625,0.580236669,0,19.53958333,339.8822818
2018-03-14,15.18708333,0.75975079,0,19.26666667,318.0449359
2018-03-15,12.17395833,0.048558906,31.92581948,22.55,67.38788414
2018-03-16,4.911,0.387759041,0.189746176,21.3,331.4450957
2018-03-17,4.873375,0.457557321,0,20.43333333,436.9082553
2018-03-18,7.029458333,0.426612826,0.723079509,19.97291667,182.9071852
2018-03-19,6.836708333,0.199705928,4.966700289,20.13263889,69.54958114
2018-03-20,3.653416667,0.480868825,0,19.91736111,336.8634924
2018-03-21,0.125458333,0.196975797,0.746159019,19.60902778,105.2314373
2018-03-22,3.844020833,0.33031823,0.2,19.45208333,456.5039095
2018-03-23,4.394791667,0.369005576,0,19.22361111,427.527014
2018-03-24,6.498604167,0.398852908,0,18.99236111,326.3274062
2018-03-25,8.272166667,0.368482021,0,18.79652778,416.6532007
2018-03-26,10.52710417,0.439903213,0,18.55625,451.5832162
2018-03-27,12.097125,0.528791602,0,18.28125,393.0907125
2018-03-28,13.83958333,0.627137329,0,17.99027778,399.2524581
2018-03-29,14.3825,0.516840657,0,17.70555556,359.5755929
2018-03-30,13.52416667,0.800522151,0,17.38402778,448.361358
2018-03-31,12.9114375,0.62424567,0,17.07916667,427.9854131
2018-04-01,13.484375,0.499804815,0.133333333,16.81319444,158.5037351
2018-04-02,17.04583333,0.571823312,0,16.59722222,306.6806255
2018-04-03,17.210625,0.62257205,0,16.15208333,306.4221419
2018-04-04,11.38833333,0.279857912,14.63333333,18.29236111,154.0725894
2018-04-05,6.341833333,0.048663362,18.31027064,19.44583333,40.24684442
2018-04-06,5.282,0.241695465,7.707749207,21.66875,297.3807294
2018-04-07,2.839666667,0.398598786,0.166666667,20.50833333,426.5494691
2018-04-08,3.64125,0.332619691,1.9,19.95833333,238.2691202
2018-04-09,6.528833333,0.350139285,0.033333333,19.67569444,479.6080423
2018-04-10,14.39945833,0.942581243,2.7,19.29375,440.1933511
2018-04-11,12.33895833,0.782077458,0,18.96319444,553.676885
2018-04-12,11.8804375,0.988378162,0,18.56458333,553.2913816
2018-04-13,12.1710625,1.071163687,0,18.20902778,304.1499552
2018-04-14,8.017458333,0.209095592,14.96666667,19.875,60.55174143
2018-04-15,8.379333333,0.344971436,0,20.15277778,412.596748
2018-04-16,9.788770833,0.531696206,0,19.55277778,559.0765111
2018-04-17,11.41420833,0.777046394,0,19.05208333,476.4565773
2018-04-18,11.67116667,0.879699408,0,18.55625,557.3436706
2018-04-19,12.83485417,0.887355195,0,18.20347222,523.8670205
2018-04-20,17.59833333,1.145758648,0,17.86805556,519.5291059
2018-04-21,18.44166667,1.507564677,0,17.55416667,581.2848369
2018-04-22,15.53604167,0.777283919,1.966666667,17.30694444,159.9260315
2018-04-23,8.839270833,0.00955272,81.36666667,25.21875,29.20668875
2018-04-24,10.99833333,0.456381215,3.7,24.34652778,229.8711788
2018-04-25,12.97958333,0.932321567,0,22.25902778,572.0387882
2018-04-26,14.175125,0.864633086,0,21.27291667,488.6465779
2018-04-27,13.89108333,0.777375472,0,20.59305556,513.5435862
2018-04-28,14.326875,0.80836563,0,20.09375,584.8657536
2018-04-29,14.53895833,0.95382164,0,19.63194444,531.677899
2018-04-30,17.01354167,0.842039256,0,19.21944444,505.3851226
2018-05-01,19.10104167,0.5409281,0,18.83125,351.0950379
2018-05-02,15.086875,0.015460944,8.7,19.11944444,90.36053729
2018-05-03,10.21685417,0.400930979,4.3,19.77013889,417.2684243
2018-05-04,13.42333333,0.950420846,0,19.68194444,617.7567297
2018-05-05,16.36666667,1.073560748,0,19.0375,474.0677291
2018-05-06,14.91729167,0.04590731,28.26666667,22.30625,97.25255536
2018-05-07,17.17354167,0.525969227,0,22.17847222,397.1535622
2018-05-08,15.57666667,0.776746596,0,21.17986111,386.1059451
2018-05-09,13.66,0.788012125,0,20.53611111,599.0434688
2018-05-10,14.19166667,0.553370085,0,20.06111111,586.8474367
2018-05-11,14.151875,0.590560349,0,19.64513889,434.6511927
2018-05-12,12.775625,0.170123249,37.54639438,22.87430556,51.85601492
2018-05-13,15.02229167,0.170093769,1.458984704,23.34444444,388.1559975
2018-05-14,15.88604167,0.308963177,0,21.79513889,408.9791303
2018-05-15,20.57583333,0.746743393,0,21.00069444,490.7275448
2018-05-16,21.663125,0.02087457,32.8156329,23.40625,32.76552427
2018-05-17,21.22208333,0.001837566,44.26443103,26.43402778,100.7879762
2018-05-18,16.02416667,0.036215693,9.576987735,25.97361111,67.17059654
2018-05-19,15.55416667,0.859794614,0,23.09652778,666.3544955
2018-05-20,15.87833333,1.094339529,0,21.75138889,340.6107968
2018-05-21,15.76395833,0.925980083,0,20.97777778,545.0059394
2018-05-22,16.86583333,0.357583175,7.49235166,20.55,339.4793256
2018-05-23,16.54416667,0.687805362,9.91289293,23.04375,664.38325
2018-05-24,16.45145833,0.928175351,0,21.79166667,618.1065398
2018-05-25,18.22541667,1.126102156,0,21.00277778,569.6291471
2018-05-26,19.32,1.106399676,0,20.37152778,627.9761396
2018-05-27,18.57916667,0.913671786,0,19.81944444,351.9273337
2018-05-28,20.075,1.075835396,0,19.31805556,621.2497312
2018-05-29,20.29770833,0.740446075,6.7,18.96875,377.8466104
2018-05-30,18.213125,0.438565438,1.966666667,19.69444444,408.0382878
2018-05-31,18.64291667,0.723025467,0,19.00208333,630.8545381
2018-06-01,22.466875,1.218933086,0,18.40833333,631.5519361
2018-06-02,21.85020833,1.492073243,0,17.81180556,635.717634
2018-06-03,21.43645833,1.508006287,0,17.21944444,587.2119897
2018-06-04,20.52145833,1.176274648,0,16.65416667,490.2191698
2018-06-05,22.06895833,1.166816286,0,16.12847222,590.1085027
2018-06-06,21.915625,0.943066684,0,15.56458333,574.3715142
2018-06-07,21.389375,0.772393596,0,15.07083333,610.0174985
2018-06-08,20.13541667,0.616411416,0,14.59236111,480.0065671
2018-06-09,21.4,0.894046496,0,14.15347222,453.6259345
2018-06-10,19.689375,0.924852853,0.033333333,13.72847222,311.7260623
2018-06-11,18.988125,0.843492537,0.033333333,13.34236111,354.8793225
2018-06-12,19.44666667,0.734667168,2.8,13.76388889,531.6990532
2018-06-13,20.31291667,0.6915679,0,13.18194444,450.4329246
2018-06-14,20.16625,0.712772166,0.066666667,12.76111111,307.7750215
2018-06-15,19.15604167,0.811668365,2.8,12.59236111,579.3143509
2018-06-16,19.744375,1.08918287,0,12.14305556,655.9780696
2018-06-17,20.40916667,0.618074789,0,11.83333333,360.9819033
2018-06-18,23.06729167,1.012516139,0,11.54791667,491.862094
2018-06-19,20.57875,0.827308894,0,11.23333333,355.031184
2018-06-20,21.416875,0.76432877,0,10.97430556,533.1512283
2018-06-21,22.10020833,1.089450463,0,10.69861111,638.6415497
2018-06-22,23.31270833,1.556423984,0,10.40208333,634.483411
2018-06-23,22.94083333,1.457631589,0,10.10625,515.2648255
2018-06-24,23.86520833,1.031463296,0,9.8375,603.8617674
2018-06-25,24.3225,1.109469297,0,9.590277778,469.8725904
2018-06-26,21.50229167,0.252144008,77.96666667,19.68958333,32.65223707
2018-06-27,21.603125,0.193723385,0.233333333,22.21597222,317.6236087
2018-06-28,21.743125,0.053011384,10.4,21.50138889,183.5420141
2018-06-29,22.96958333,0.420889335,0.6,21.64444444,454.8272249
2018-06-30,23.109375,0.201388994,3.366666667,20.75972222,253.6619574
2018-07-01,20.833125,0,80.26666667,25.78055556,36.57488597
2018-07-02,21.31770833,0,57.13333333,32.80486111,98.94547791
2018-07-03,24.83604167,0.47977336,2.633333333,29.95972222,512.8343651
2018-07-04,25.54875,0.650512366,0.166666667,23.68472222,515.7962949
2018-07-05,23.43333333,0.231752965,20.83333333,21.79583333,333.1050103
2018-07-06,21.97520833,0.784136593,0.066666667,21.18194444,337.9319566
2018-07-07,21.55583333,1.123657665,0,20.28402778,635.0367845
2018-07-08,20.205,0.950645968,0,19.59513889,576.6396944
2018-07-09,19.45979167,0.147442365,12.93333333,19.55277778,87.17028522
2018-07-10,22.19625,0.00055723,10.86666667,23.09444444,185.8786049
2018-07-11,25.50291667,0.094656067,3.266666667,21.82291667,235.0948426
2018-07-12,25.90375,0.277082686,0,21.13333333,334.8504695
2018-07-13,26.02104167,0.384309571,0,20.39375,360.2953568
2018-07-14,26.31041667,0.552585572,0,19.70625,431.2171773
2018-07-15,26.87041667,0.716417135,0,19.0125,516.2729844
2018-07-16,27.149375,1.015106039,0,18.30833333,611.5961164
2018-07-17,25.99375,0.81732215,0,17.58680556,529.4956499
2018-07-18,26.29416667,0.904460662,0,16.93402778,542.4082857
2018-07-19,26.670625,0.87541056,0,16.22847222,596.7645747
2018-07-20,27.28625,0.829921592,0,15.52152778,529.9728169
2018-07-21,28.26875,1.266462948,0,14.80625,593.3776609
2018-07-22,28.79916667,1.318593505,0,14.04583333,563.8893336
2018-07-23,29.763125,1.542444136,0,13.30277778,516.3258001
2018-07-24,29.39395833,0.961996812,0,12.67916667,571.9895862
2018-07-25,28.42125,0.776146584,0,12.13194444,418.8593845
2018-07-26,27.77458333,0.566070812,0,11.66944444,414.7290228
2018-07-27,28.9425,0.661761984,0,11.26875,440.2060915
2018-07-28,27.86208333,0.261626669,0.2,10.89513889,301.6313493
2018-07-29,28.80645833,1.380992289,0,10.55694444,583.9848313
2018-07-30,29.30666667,1.595831621,0,10.13888889,524.0790799
2018-07-31,29.525,1.800303869,0,9.78125,608.5715322
2018-08-01,30.73354167,1.468779791,0,9.44375,597.3956653
2018-08-02,31.07916667,1.988689636,0,9.136805556,565.9786705
2018-08-03,30.780625,1.43101976,0,8.836111111,559.6349084
2018-08-04,29.18083333,1.184589003,0,8.563194444,444.9488937
2018-08-05,27.90833333,0.448402842,0.5,8.355555556,352.2024041
2018-08-06,27.371875,0.212251853,34.33333333,11.53472222,347.2049078
2018-08-07,28.28770833,0.629161984,0,16.0875,379.2607707
2018-08-08,28.88479167,0.906879126,0,14.14930556,543.42609
2018-08-09,26.589375,0.21279742,29.46666667,16.62013889,283.7910562
2018-08-10,27.89583333,0.699285555,0.033333333,19.52708333,510.0548517
2018-08-11,27.46104167,0.777259665,0,17.40347222,510.1598483
2018-08-12,27.94229167,0.912770218,0.666666667,16.03958333,509.4422923
2018-08-13,28.49729167,0.474826966,2.333333333,15.01527778,407.2243446
2018-08-14,29.5225,0.859901614,0,13.87916667,471.3346419
2018-08-15,29.88145833,1.20178008,0,13.01041667,540.6995899
2018-08-16,27.129375,1.160168138,0,12.24791667,479.3092623
2018-08-17,24.2325,1.622034799,0,11.57708333,598.5669339
2018-08-18,23.35083333,1.280234808,0,11.01388889,551.4441401
2018-08-19,24.28604167,1.040476676,0,10.53611111,458.7727076
2018-08-20,25.83604167,0.880701464,0,10.11805556,380.8724815
2018-08-21,24.53208333,0.267658792,2.466666667,9.819444444,230.2650549
2018-08-22,27.5475,1.135497539,0,9.570833333,546.0750686
2018-08-23,28.43895833,1.421530736,0.466666667,9.23125,181.2953965
2018-08-24,23.83270833,0.044376966,37.66666667,17.07569444,119.9450492
2018-08-25,23.21,0.094781656,0,16.79722222,218.4714303
2018-08-26,19.22625,0.007749975,4,15.47916667,167.3243228
2018-08-27,20.338125,0,54.13333333,23.78680556,89.69069518
2018-08-28,22.13708333,0,98.93333333,28.33263889,42.37437587
2018-08-29,24.431875,0.101007646,6.133333333,28.07152778,181.2257361
2018-08-30,25.44625,0.116154247,3.7,23.94444444,272.4768179
2018-08-31,23.20291667,0.426598524,1.266666667,21.65138889,348.5818841
2018-09-01,22.59520833,0.612577196,0,20.60277778,473.9731262
2018-09-02,22.163125,0.692319877,0,19.79236111,452.5680481
2018-09-03,22.349375,0.030540877,24.46666667,20.44236111,129.4220824
2018-09-04,22.30104167,0.590876836,1.533333333,23.54861111,454.7346444
2018-09-05,22.68949033,0.834162981,0,21.37291667,509.3601244
2018-09-06,21.76145083,0.145163225,0,20.55763889,205.7709678
2018-09-07,20.475625,0.680618915,3.4,20.12847222,363.1932729
2018-09-08,18.9225,0.753839219,0,19.55555556,524.1862945
2018-09-09,19.38729167,0.716259967,0,18.99236111,490.7553969
2018-09-10,20.53541667,0.897934124,0,18.44097222,446.1488903
2018-09-11,18.59895833,0.775966218,0,17.88958333,418.8352343
2018-09-12,19.73729167,0.676338812,0,17.37569444,449.7107388
2018-09-13,20.64020833,0.237695959,0,16.93611111,299.7031128
2018-09-14,20.95354167,0.201258294,0,16.60208333,186.2811642
2018-09-15,19.83875,0,8.533333333,17.70555556,106.4654647
2018-09-16,20.70645833,0.094077673,1.166666667,17.84513889,167.4008255
2018-09-17,21.01729167,0.514725553,0,17.41805556,472.1051683
2018-09-18,19.31229167,0.454871962,0,16.89583333,342.9374219
2018-09-19,19.130625,0.276593789,0.933333333,16.48333333,223.0596316
2018-09-20,17.14854167,0,14.3,18.53333333,50.2522123
2018-09-21,17.765,0,32.93333333,24.92013889,87.22997873
2018-09-22,19.32729167,0.613325105,3.666666667,23.4875,435.5406027
2018-09-23,16.94166667,0.4794374,0,22.20902778,272.2331723
2018-09-24,16.01895833,0.668025668,0,21.40486111,452.8450601
2018-09-25,14.76104167,0.48107932,0,20.80972222,455.6067349
2018-09-26,17.13416667,0.79186009,0,20.30555556,363.5145296
2018-09-27,16.86625,0.712736846,0,19.80902778,404.0053167
2018-09-28,15.44229167,0.39249823,0,19.43472222,213.5362294
2018-09-29,17.536875,0.472076205,0,19.09791667,430.3389053
2018-09-30,16.255,0.610558782,0,18.69166667,376.4910126
2018-10-01,14.33,0.676324631,0.166666667,18.26458333,295.1264745
2018-10-02,13.70395833,0.39131298,0,17.94166667,362.1944137
2018-10-03,14.47645833,0.3964353,0,17.62083333,412.1790987
2018-10-04,16.669375,0.552348997,0,17.28888889,405.2473795
2018-10-05,16.26083333,0.148384045,26.23333333,20.16319444,51.04405025
2018-10-06,17.09083333,0.052016163,82.76666667,29.66597222,125.4534573
2018-10-07,15.695625,0.53628998,0.033333333,24.99097222,364.5385836
2018-10-08,12.12279167,0.527702361,0,22.87083333,309.7875853
2018-10-09,12.15485417,0.315464665,0,22.025,203.2078349
2018-10-10,12.09229167,0.493293331,4.733333333,22.03402778,388.9461435
2018-10-11,8.436583333,0.447910922,0,21.48125,379.8624903
2018-10-12,8.989916667,0.342895422,0.533333333,21.06319444,388.9461236
2018-10-13,9.6218125,0.310534111,0,20.74166667,375.2844645
2018-10-14,10.91802083,0.327827664,0,20.45138889,342.2969057
2018-10-15,12.97229167,0.228474306,0,20.19305556,243.0759836
2018-10-16,11.92754167,0.251147231,0,19.98958333,250.3778864
2018-10-17,10.701375,0.335683687,0,19.76458333,327.8912798
2018-10-18,8.965791667,0.12566453,4.4,19.69097222,222.8681456
2018-10-19,11.10379167,0.387015872,0.033333333,19.80208333,365.4402578
2018-10-20,11.34883333,0.419538297,0,19.55138889,349.2197136
2018-10-21,11.115125,0.462043249,0,19.30625,341.0273211
2018-10-22,11.52733333,0.448385905,0,19.05138889,262.3991227
2018-10-23,9.557375,0.006403184,7.2,20.07569444,99.41223737
2018-10-24,9.452416667,0.119656141,0.1,20.53472222,251.9888658
2018-10-25,10.78072917,0.345772297,0,20.12569444,312.8794264
2018-10-26,11.04083333,0.109776188,7.166666667,20.15,55.43787293
2018-10-27,8.3364375,0.500505911,0.033333333,20.48680556,275.8644787
2018-10-28,6.975041667,0.121578966,6.133333333,20.90694444,92.19425768
2018-10-29,6.514875,0.287120026,0,21.02291667,177.95278
2018-10-30,5.0814375,0.412261396,0.033333333,20.58888889,315.1552652
2018-10-31,6.0883125,0.277613914,0.466666667,20.30069444,314.6800822
2018-11-01,6.432791667,0.317794096,0,20.06111111,303.4893745
2018-11-02,8.705625,0.412156268,0,19.84861111,293.5234286
2018-11-03,10.185625,0.454932636,0,19.61388889,284.1062743
2018-11-04,10.57058333,0.517102979,0,19.36319444,298.271806
2018-11-05,10.70910417,0.397218752,0,19.1375,251.3792229
2018-11-06,10.98189583,0.300062767,0,18.94861111,213.5932684
2018-11-07,11.5725,0.005479089,2,18.89166667,109.9436808
2018-11-08,11.99791667,0,47.63333333,23.39305556,12.94679362
2018-11-09,11.17104167,0.256555665,3.7,25.50208333,183.691899
2018-11-10,10.7759375,0.311060787,0,23.39097222,225.8467194
2018-11-11,7.407520833,0.121411558,0.033333333,22.65625,95.32879866
2018-11-12,7.733895833,0.443797634,0,22.19513889,266.3983379
2018-11-13,7.534979167,0.330177957,0,21.83541667,211.6778333
2018-11-14,8.362916667,0.352982561,0,21.55,232.1202641
2018-11-15,8.034958333,0.301726479,0,21.325,216.3378788
2018-11-16,7.9659375,0.238126678,0,21.11875,137.8737623
2018-11-17,5.017083333,0.324710134,0,20.95069444,212.9733057
2018-11-18,5.0045,0.463262962,0,20.80763889,184.2218592
2018-11-19,5.775604167,0.329342259,0.033333333,20.48125,145.3399879
2018-11-20,5.390645833,0.580374121,0,20.17916667,231.0170049
2018-11-21,4.047854167,0.107348121,2.9,20.2,62.34760591
2018-11-22,1.9174375,0.418706406,0,20.15555556,231.3703268
2018-11-23,0.349604167,0.413889961,0,20.10486111,235.2415898
2018-11-24,0.601125,0.143171038,5.066666667,20.08333333,42.4452964
2018-11-25,2.2899375,0,5.066666667,20.77638889,127.0657009
2018-11-26,2.750083333,0.069854064,0.066666667,20.98402778,195.3221333
2018-11-27,2.9325625,0.052386201,0.033333333,20.85972222,99.58012597
2018-11-28,4.908520833,0.652787368,0,20.75069444,176.9811818
2018-11-29,2.6136875,0.439068913,0,20.65069444,105.8356369
2018-11-30,2.120729167,0.357466805,0,20.55763889,212.9591791
2018-12-01,3.3339375,0.38811708,0,20.49513889,177.9247225
2018-12-02,6.742895833,0.36767317,0,20.41805556,129.4834398
2018-12-03,10.79104167,0.155546729,9.566666667,21.19583333,21.34100216
2018-12-04,8.202770833,0.163950193,8.166666667,23.21111111,75.46166381
2018-12-05,-0.042979167,0.358339821,0,22.62222222,174.5213014
2018-12-06,1.589583333,0.245595102,1.1,22.20555556,157.2244628
2018-12-07,-6.981583333,0.234591626,0,22.04737654,211.5018852
2018-12-08,-9.128416667,0.203028028,0,21.88919753,205.9288521
2018-12-09,-8.272291667,0.251730618,0,21.73101852,212.4270139
2018-12-10,-5.211645833,0.316891713,0,21.57283951,186.1223529
2018-12-11,-2.614958333,0.261909292,0,21.41466049,68.0260523
2018-12-12,-2.125541667,0.317259999,0,21.25648148,201.5731008
2018-12-13,-3.55625,0.207846559,0.58872,21.09830247,67.7307246
2018-12-14,-5.540041667,0.231305998,0,20.94012346,195.6987877
2018-12-15,-4.7730625,0.233950531,0,20.78194444,183.5789435
2018-12-16,-2.345708333,0.225109911,0,20.72916667,80.28269621
2018-12-17,1.713895833,0.319092756,0,20.73333333,187.82682
2018-12-18,1.710041667,0.312155395,0.033333333,20.72291667,152.3449573
2018-12-19,4.799333333,0.390517432,0,20.71527778,171.0714518
2018-12-20,1.7703125,0.424608306,0,20.66041667,153.9565319
2018-12-21,3.173104167,0.464989163,0,20.60208333,147.4252362
2018-12-22,6.057875,0.469483392,0,20.54166667,175.0784645
2018-12-23,3.3276875,0.447234939,0,20.46736111,186.5639245
2018-12-24,-2.762666667,0.336399373,0,20.375,195.4649263
2018-12-25,-2.902083333,0.233530464,0,20.32361111,114.291374
2018-12-26,-0.807895833,0.347077358,0,20.30763889,190.3335653
2018-12-27,-9.827458333,0.240094569,0,20.16527778,197.7387214
2018-12-28,-11.81266667,0.179080295,0,19.89791667,194.7306446
2018-12-29,-8.189979167,0.255948525,0,19.64166667,203.3631418
2018-12-30,-8.51225,0.218916029,0,19.425,201.4124116
2018-12-31,-6.753583333,0.232538095,0,19.21041667,196.7152229
